{"type": "FeatureCollection", "features": [{"type": "Feature", "properties": {"country": "Antigua", "pcode": "AG01", "name": "Barbuda", "note": "degenerate boundary part removed: 900.9 m2 at (-62.0001, 16.9999, -61.9999, 17.0001)"}, "geometry": {"type": "MultiPolygon", "coordinates": [[[[-61.84624862670893, 17.609304428100586], [-61.8459739685058, 17.609304428100586], [-61.8459739685058, 17.609582901000977], [-61.8448600769043, 17.609582901000977], [-61.8448600769043, 17.609304428100586], [-61.844581604003906, 17.609304428100586], [-61.844581604003906, 17.609582901000977], [-61.84402847290039, 17.609582901000977], [-61.84402847290039, 17.609861373901367], [-61.84347152709961, 17.609861373901367], [-61.84347152709961, 17.610137939453182], [-61.84319305419916, 17.610137939453182], [-61.84319305419916, 17.61041450500494], [-61.842361450195256, 17.61041450500494], [-61.842361450195256, 17.61069679260254], [-61.84152603149414, 17.61069679260254], [-61.84152603149414, 17.61097145080572], [-61.841251373291016, 17.61097145080572], [-61.841251373291016, 17.61124992370611], [-61.840972900390625, 17.61124992370611], [-61.840972900390625, 17.61208343505865], [-61.840694427490234, 17.61208343505865], [-61.840694427490234, 17.61236190795904], [-61.840137481689396, 17.61236190795904], [-61.840137481689396, 17.61208343505865], [-61.83958435058588, 17.61208343505865], [-61.83958435058588, 17.611806869506893], [-61.838470458984375, 17.611806869506893], [-61.838470458984375, 17.61124992370611], [-61.83736038208008, 17.61124992370611], [-61.83736038208008, 17.611528396606502], [-61.83708190917969, 17.611528396606502], [-61.83708190917969, 17.611806869506893], [-61.835971832275334, 17.611806869506893], [-61.835971832275334, 17.61208343505865], [-61.83541488647461, 17.61208343505865], [-61.83541488647461, 17.61236190795904], [-61.834861755371094, 17.61236190795904], [-61.834861755371094, 17.612636566162053], [-61.8345832824707, 17.612636566162053], [-61.8345832824707, 17.612918853759822], [-61.83430480957031, 17.612918853759822], [-61.83430480957031, 17.613471984863395], [-61.83402633666992, 17.613471984863395], [-61.83402633666992, 17.613750457763786], [-61.83375167846674, 17.613750457763786], [-61.83375167846674, 17.614305496215763], [-61.83347320556635, 17.614305496215763], [-61.83347320556635, 17.615140914917106], [-61.83263778686512, 17.615140914917106], [-61.83263778686512, 17.616249084472713], [-61.832359313964844, 17.616249084472713], [-61.832359313964844, 17.617361068725643], [-61.83208465576172, 17.617361068725643], [-61.83208465576172, 17.618471145629996], [-61.832359313964844, 17.618471145629996], [-61.832359313964844, 17.62069320678711], [-61.83208465576172, 17.62069320678711], [-61.83208465576172, 17.62208366394043], [-61.832359313964844, 17.62208366394043], [-61.832359313964844, 17.62652969360363], [-61.83263778686512, 17.62652969360363], [-61.83263778686512, 17.627639770507812], [-61.83291625976557, 17.627639770507812], [-61.83291625976557, 17.62791633605957], [-61.83263778686512, 17.62791633605957], [-61.83263778686512, 17.628471374511776], [-61.83291625976557, 17.628471374511776], [-61.83291625976557, 17.629304885864315], [-61.83319473266596, 17.629304885864315], [-61.83319473266596, 17.629861831665096], [-61.83347320556635, 17.629861831665096], [-61.83347320556635, 17.63013839721691], [-61.83375167846674, 17.63013839721691], [-61.83375167846674, 17.630695343017635], [-61.83430480957031, 17.630695343017635], [-61.83430480957031, 17.63097190856945], [-61.8345832824707, 17.63097190856945], [-61.8345832824707, 17.63125038146984], [-61.834861755371094, 17.63125038146984], [-61.834861755371094, 17.631805419921818], [-61.8345832824707, 17.631805419921818], [-61.8345832824707, 17.63208389282221], [-61.83402633666992, 17.63208389282221], [-61.83402633666992, 17.632917404174805], [-61.83375167846674, 17.632917404174805], [-61.83375167846674, 17.634304046630916], [-61.83347320556635, 17.634304046630916], [-61.83347320556635, 17.63541412353527], [-61.83319473266596, 17.63541412353527], [-61.83319473266596, 17.635974884033203], [-61.83291625976557, 17.635974884033203], [-61.83291625976557, 17.63652610778803], [-61.83263778686512, 17.63652610778803], [-61.83263778686512, 17.63736152648937], [-61.832359313964844, 17.63736152648937], [-61.832359313964844, 17.637918472290153], [-61.83208465576172, 17.637918472290153], [-61.83208465576172, 17.638196945190543], [-61.83180618286133, 17.638196945190543], [-61.83180618286133, 17.638750076293945], [-61.83152770996094, 17.638750076293945], [-61.83152770996094, 17.639305114746094], [-61.830970764160156, 17.639305114746094], [-61.830970764160156, 17.639862060546875], [-61.830417633056584, 17.639862060546875], [-61.830417633056584, 17.64013862609869], [-61.83013916015619, 17.64013862609869], [-61.83013916015619, 17.640693664550838], [-61.8298606872558, 17.640693664550838], [-61.8298606872558, 17.64097213745123], [-61.82958221435541, 17.64097213745123], [-61.82958221435541, 17.64125061035162], [-61.829303741454964, 17.64125061035162], [-61.829303741454964, 17.641805648803768], [-61.82902908325195, 17.641805648803768], [-61.82902908325195, 17.64208412170416], [-61.82875061035156, 17.64208412170416], [-61.82875061035156, 17.642639160156364], [-61.82847213745117, 17.642639160156364], [-61.82847213745117, 17.643472671508903], [-61.82819366455078, 17.643472671508903], [-61.82819366455078, 17.644027709960938], [-61.82791519165039, 17.644027709960938], [-61.82791519165039, 17.645139694213867], [-61.827640533447266, 17.645139694213867], [-61.827640533447266, 17.645694732666016], [-61.82708358764643, 17.645694732666016], [-61.82708358764643, 17.64597129821783], [-61.82680511474604, 17.64597129821783], [-61.82680511474604, 17.64736175537115], [-61.8262481689452, 17.64736175537115], [-61.8262481689452, 17.64708328247076], [-61.82597351074219, 17.64708328247076], [-61.82597351074219, 17.64680480957037], [-61.8256950378418, 17.64680480957037], [-61.8256950378418, 17.64708328247076], [-61.825416564941406, 17.64708328247076], [-61.825416564941406, 17.647916793823356], [-61.8256950378418, 17.647916793823356], [-61.8256950378418, 17.648471832275504], [-61.8262481689452, 17.648471832275504], [-61.8262481689452, 17.649026870727482], [-61.826526641845646, 17.649026870727482], [-61.826526641845646, 17.649303436279297], [-61.82597351074219, 17.649303436279297], [-61.82597351074219, 17.649585723877067], [-61.826526641845646, 17.649585723877067], [-61.826526641845646, 17.649860382080078], [-61.82680511474604, 17.649860382080078], [-61.82680511474604, 17.65013885498047], [-61.82736206054682, 17.65013885498047], [-61.82736206054682, 17.650415420532227], [-61.827640533447266, 17.650415420532227], [-61.827640533447266, 17.650693893432617], [-61.82736206054682, 17.650693893432617], [-61.82736206054682, 17.650972366333008], [-61.82708358764643, 17.650972366333008], [-61.82708358764643, 17.65208244323736], [-61.82736206054682, 17.65208244323736], [-61.82736206054682, 17.65180778503418], [-61.827640533447266, 17.65180778503418], [-61.827640533447266, 17.6512508392334], [-61.82875061035156, 17.6512508392334], [-61.82875061035156, 17.65180778503418], [-61.82902908325195, 17.65180778503418], [-61.82902908325195, 17.65208244323736], [-61.829303741454964, 17.65208244323736], [-61.829303741454964, 17.652639389038143], [-61.82958221435541, 17.652639389038143], [-61.82958221435541, 17.65319442749029], [-61.82875061035156, 17.65319442749029], [-61.82875061035156, 17.652917861938533], [-61.82847213745117, 17.652917861938533], [-61.82847213745117, 17.653472900390682], [-61.82875061035156, 17.653472900390682], [-61.82875061035156, 17.653749465942496], [-61.829303741454964, 17.653749465942496], [-61.829303741454964, 17.654029846191463], [-61.82958221435541, 17.654029846191463], [-61.82958221435541, 17.654306411743278], [-61.830970764160156, 17.654306411743278], [-61.830970764160156, 17.655139923095817], [-61.83124923706055, 17.655139923095817], [-61.83124923706055, 17.654861450195426], [-61.83208465576172, 17.654861450195426], [-61.83208465576172, 17.65597152709961], [-61.83180618286133, 17.65597152709961], [-61.83180618286133, 17.656251907348746], [-61.832359313964844, 17.656251907348746], [-61.832359313964844, 17.65652847290039], [-61.83291625976557, 17.65652847290039], [-61.83291625976557, 17.65597152709961], [-61.83319473266596, 17.65597152709961], [-61.83319473266596, 17.655694961547795], [-61.83375167846674, 17.655694961547795], [-61.83375167846674, 17.656251907348746], [-61.83402633666992, 17.656251907348746], [-61.83402633666992, 17.657638549804744], [-61.83375167846674, 17.657638549804744], [-61.83375167846674, 17.658193588256893], [-61.83291625976557, 17.658193588256893], [-61.83291625976557, 17.659860610962028], [-61.83402633666992, 17.659860610962028], [-61.83402633666992, 17.659305572509822], [-61.8345832824707, 17.659305572509822], [-61.8345832824707, 17.659582138061637], [-61.834861755371094, 17.659582138061637], [-61.834861755371094, 17.66013908386242], [-61.835140228271484, 17.66013908386242], [-61.835140228271484, 17.66069221496582], [-61.83541488647461, 17.66069221496582], [-61.83541488647461, 17.660972595214957], [-61.835140228271484, 17.660972595214957], [-61.835140228271484, 17.6612491607666], [-61.83541488647461, 17.6612491607666], [-61.83541488647461, 17.66208267211914], [-61.835693359374886, 17.66208267211914], [-61.835693359374886, 17.66236114501953], [-61.835971832275334, 17.66236114501953], [-61.835971832275334, 17.662914276123104], [-61.836250305175724, 17.662914276123104], [-61.836250305175724, 17.663196563720703], [-61.835971832275334, 17.663196563720703], [-61.835971832275334, 17.66347312927246], [-61.83541488647461, 17.66347312927246], [-61.83541488647461, 17.663196563720703], [-61.834861755371094, 17.663196563720703], [-61.834861755371094, 17.662639617919922], [-61.8345832824707, 17.662639617919922], [-61.8345832824707, 17.663749694824276], [-61.834861755371094, 17.663749694824276], [-61.834861755371094, 17.664861679077205], [-61.83347320556635, 17.664861679077205], [-61.83347320556635, 17.665418624877987], [-61.83291625976557, 17.665418624877987], [-61.83291625976557, 17.665695190429744], [-61.83263778686512, 17.665695190429744], [-61.83263778686512, 17.666805267333928], [-61.832359313964844, 17.666805267333928], [-61.832359313964844, 17.667917251586914], [-61.83208465576172, 17.667917251586914], [-61.83208465576172, 17.668750762939453], [-61.83180618286133, 17.668750762939453], [-61.83180618286133, 17.6693058013916], [-61.830696105956974, 17.6693058013916], [-61.830696105956974, 17.670139312744197], [-61.830970764160156, 17.670139312744197], [-61.830970764160156, 17.670972824096737], [-61.83124923706055, 17.670972824096737], [-61.83124923706055, 17.671527862548942], [-61.830970764160156, 17.671527862548942], [-61.830970764160156, 17.672637939453125], [-61.83124923706055, 17.672637939453125], [-61.83124923706055, 17.673749923706055], [-61.83152770996094, 17.673749923706055], [-61.83152770996094, 17.674583435058594], [-61.83180618286133, 17.674583435058594], [-61.83180618286133, 17.675971984863338], [-61.83152770996094, 17.675971984863338], [-61.83152770996094, 17.67680740356451], [-61.83124923706055, 17.67680740356451], [-61.83124923706055, 17.677360534668082], [-61.830970764160156, 17.677360534668082], [-61.830970764160156, 17.678195953369254], [-61.830696105956974, 17.678195953369254], [-61.830696105956974, 17.679307937622184], [-61.830417633056584, 17.679307937622184], [-61.830417633056584, 17.679582595825195], [-61.8298606872558, 17.679582595825195], [-61.8298606872558, 17.680973052978516], [-61.83013916015619, 17.680973052978516], [-61.83013916015619, 17.68152809143072], [-61.830417633056584, 17.68152809143072], [-61.830417633056584, 17.68180465698248], [-61.830696105956974, 17.68180465698248], [-61.830696105956974, 17.68124961853033], [-61.830970764160156, 17.68124961853033], [-61.830970764160156, 17.680973052978516], [-61.83180618286133, 17.680973052978516], [-61.83180618286133, 17.68124961853033], [-61.832359313964844, 17.68124961853033], [-61.832359313964844, 17.68152809143072], [-61.83291625976557, 17.68152809143072], [-61.83291625976557, 17.68180465698248], [-61.83319473266596, 17.68180465698248], [-61.83319473266596, 17.68208312988287], [-61.83347320556635, 17.68208312988287], [-61.83347320556635, 17.68236160278326], [-61.83375167846674, 17.68236160278326], [-61.83375167846674, 17.682638168335075], [-61.83402633666992, 17.682638168335075], [-61.83402633666992, 17.6831951141358], [-61.83430480957031, 17.6831951141358], [-61.83430480957031, 17.683471679687614], [-61.8345832824707, 17.683471679687614], [-61.8345832824707, 17.683750152588004], [-61.834861755371094, 17.683750152588004], [-61.834861755371094, 17.684028625488395], [-61.836250305175724, 17.684028625488395], [-61.836250305175724, 17.684305191039982], [-61.836807250976506, 17.684305191039982], [-61.836807250976506, 17.684860229492188], [-61.83708190917969, 17.684860229492188], [-61.83708190917969, 17.685138702392578], [-61.83736038208008, 17.685138702392578], [-61.83736038208008, 17.68541717529297], [-61.83791732788086, 17.68541717529297], [-61.83791732788086, 17.686527252197322], [-61.83819580078125, 17.686527252197322], [-61.83819580078125, 17.68708229064947], [-61.838470458984375, 17.68708229064947], [-61.838470458984375, 17.68736076354986], [-61.838748931884766, 17.68736076354986], [-61.838748931884766, 17.687639236450252], [-61.83902740478504, 17.687639236450252], [-61.83902740478504, 17.6881942749024], [-61.83958435058588, 17.6881942749024], [-61.83958435058588, 17.68847274780279], [-61.83986282348627, 17.68847274780279], [-61.83986282348627, 17.689027786254996], [-61.840694427490234, 17.689027786254996], [-61.840694427490234, 17.689304351806584], [-61.840972900390625, 17.689304351806584], [-61.840972900390625, 17.689582824707145], [-61.841251373291016, 17.689582824707145], [-61.841251373291016, 17.690414428710938], [-61.840972900390625, 17.690414428710938], [-61.840972900390625, 17.691526412963867], [-61.841251373291016, 17.691526412963867], [-61.841251373291016, 17.69180679321289], [-61.84180450439453, 17.69180679321289], [-61.84180450439453, 17.69236183166504], [-61.84208297729481, 17.69236183166504], [-61.84208297729481, 17.69263648986822], [-61.842361450195256, 17.69263648986822], [-61.842361450195256, 17.693195343017578], [-61.842639923095646, 17.693195343017578], [-61.842639923095646, 17.693471908569393], [-61.84291839599604, 17.693471908569393], [-61.84291839599604, 17.693750381469783], [-61.84319305419916, 17.693750381469783], [-61.84319305419916, 17.693195343017578], [-61.84347152709961, 17.693195343017578], [-61.84347152709961, 17.69291877746582], [-61.84402847290039, 17.69291877746582], [-61.84402847290039, 17.69263648986822], [-61.84430694580078, 17.69263648986822], [-61.84430694580078, 17.69236183166504], [-61.844581604003906, 17.69236183166504], [-61.844581604003906, 17.69208335876465], [-61.8448600769043, 17.69208335876465], [-61.8448600769043, 17.69097137451172], [-61.84513854980469, 17.69097137451172], [-61.84513854980469, 17.690414428710938], [-61.84569549560541, 17.690414428710938], [-61.84569549560541, 17.69097137451172], [-61.8459739685058, 17.69097137451172], [-61.8459739685058, 17.69124984741211], [-61.84624862670893, 17.69124984741211], [-61.84624862670893, 17.691526412963867], [-61.84652709960932, 17.691526412963867], [-61.84652709960932, 17.69180679321289], [-61.847084045410156, 17.69180679321289], [-61.847084045410156, 17.69208335876465], [-61.84875106811518, 17.69208335876465], [-61.84875106811518, 17.69180679321289], [-61.849582672119084, 17.69180679321289], [-61.849582672119084, 17.69236183166504], [-61.84986114501953, 17.69236183166504], [-61.84986114501953, 17.69263648986822], [-61.85041809082031, 17.69263648986822], [-61.85041809082031, 17.69291877746582], [-61.85069274902344, 17.69291877746582], [-61.85069274902344, 17.693195343017578], [-61.85152816772461, 17.693195343017578], [-61.85152816772461, 17.69291877746582], [-61.85263824462885, 17.69291877746582], [-61.85263824462885, 17.693195343017578], [-61.85291671752924, 17.693195343017578], [-61.85291671752924, 17.693471908569393], [-61.85347366333008, 17.693471908569393], [-61.85347366333008, 17.693750381469783], [-61.85625076293945, 17.693750381469783], [-61.85625076293945, 17.694305419921932], [-61.855972290039006, 17.694305419921932], [-61.855972290039006, 17.694860458374137], [-61.854026794433594, 17.694860458374137], [-61.854026794433594, 17.69541740417492], [-61.854583740234375, 17.69541740417492], [-61.854583740234375, 17.696250915527457], [-61.855415344238224, 17.696250915527457], [-61.855415344238224, 17.6965274810791], [-61.855693817138615, 17.6965274810791], [-61.855693817138615, 17.69708251953125], [-61.855972290039006, 17.69708251953125], [-61.855972290039006, 17.6965274810791], [-61.85625076293945, 17.6965274810791], [-61.85625076293945, 17.696250915527457], [-61.85708236694336, 17.696250915527457], [-61.85708236694336, 17.695972442627067], [-61.85736083984375, 17.695972442627067], [-61.85736083984375, 17.695693969726506], [-61.85819625854481, 17.695693969726506], [-61.85819625854481, 17.69541740417492], [-61.85847091674799, 17.69541740417492], [-61.85847091674799, 17.695140838623104], [-61.85874938964838, 17.695140838623104], [-61.85874938964838, 17.694860458374137], [-61.85847091674799, 17.694860458374137], [-61.85847091674799, 17.694583892822322], [-61.85819625854481, 17.694583892822322], [-61.85819625854481, 17.694305419921932], [-61.85930633544916, 17.694305419921932], [-61.85930633544916, 17.693750381469783], [-61.860137939453125, 17.693750381469783], [-61.860137939453125, 17.694028854370174], [-61.860416412353516, 17.694028854370174], [-61.860416412353516, 17.694305419921932], [-61.860694885253906, 17.694305419921932], [-61.860694885253906, 17.694583892822322], [-61.8609733581543, 17.694583892822322], [-61.8609733581543, 17.694860458374137], [-61.861804962158146, 17.694860458374137], [-61.861804962158146, 17.695140838623104], [-61.86208343505854, 17.695140838623104], [-61.86208343505854, 17.695693969726506], [-61.861804962158146, 17.695693969726506], [-61.861804962158146, 17.6965274810791], [-61.861526489257756, 17.6965274810791], [-61.861526489257756, 17.696805953979435], [-61.861251831054574, 17.696805953979435], [-61.861251831054574, 17.697362899780217], [-61.8609733581543, 17.697362899780217], [-61.8609733581543, 17.69763946533203], [-61.860694885253906, 17.69763946533203], [-61.860694885253906, 17.69791603088379], [-61.860416412353516, 17.69791603088379], [-61.860416412353516, 17.70097160339367], [-61.860137939453125, 17.70097160339367], [-61.860137939453125, 17.70125007629406], [-61.860416412353516, 17.70125007629406], [-61.860416412353516, 17.70152854919445], [-61.860694885253906, 17.70152854919445], [-61.860694885253906, 17.702083587646428], [-61.8609733581543, 17.702083587646428], [-61.8609733581543, 17.70236206054699], [-61.861251831054574, 17.70236206054699], [-61.861251831054574, 17.702638626098633], [-61.861526489257756, 17.702638626098633], [-61.861526489257756, 17.70319366455078], [-61.861804962158146, 17.70319366455078], [-61.861804962158146, 17.703472137451172], [-61.86208343505854, 17.703472137451172], [-61.86208343505854, 17.704025268554744], [-61.86236190795893, 17.704025268554744], [-61.86236190795893, 17.7045841217041], [-61.862640380859375, 17.7045841217041], [-61.862640380859375, 17.70513725280773], [-61.8629150390625, 17.70513725280773], [-61.8629150390625, 17.706529617309627], [-61.86319351196289, 17.706529617309627], [-61.86319351196289, 17.70736122131359], [-61.86347198486328, 17.70736122131359], [-61.86347198486328, 17.70819473266596], [-61.86375045776367, 17.70819473266596], [-61.86375045776367, 17.709583282470703], [-61.86347198486328, 17.709583282470703], [-61.86347198486328, 17.71013832092291], [-61.86319351196289, 17.71013832092291], [-61.86319351196289, 17.710695266723633], [-61.8629150390625, 17.710695266723633], [-61.8629150390625, 17.710971832275447], [-61.862640380859375, 17.710971832275447], [-61.862640380859375, 17.711805343627987], [-61.86236190795893, 17.711805343627987], [-61.86236190795893, 17.71319389343256], [-61.86208343505854, 17.71319389343256], [-61.86208343505854, 17.713750839233512], [-61.86236190795893, 17.713750839233512], [-61.86236190795893, 17.714582443237305], [-61.862640380859375, 17.714582443237305], [-61.862640380859375, 17.71652793884283], [-61.86236190795893, 17.71652793884283], [-61.86236190795893, 17.71708297729498], [-61.86208343505854, 17.71708297729498], [-61.86208343505854, 17.71736145019537], [-61.861804962158146, 17.71736145019537], [-61.861804962158146, 17.71763610839838], [-61.861526489257756, 17.71763610839838], [-61.861526489257756, 17.71791839599615], [-61.861251831054574, 17.71791839599615], [-61.861251831054574, 17.71819686889654], [-61.860694885253906, 17.71819686889654], [-61.860694885253906, 17.71791839599615], [-61.85930633544916, 17.71791839599615], [-61.85930633544916, 17.71763610839838], [-61.85874938964838, 17.71763610839838], [-61.85874938964838, 17.71736145019537], [-61.85819625854481, 17.71736145019537], [-61.85819625854481, 17.71708297729498], [-61.85708236694336, 17.71708297729498], [-61.85708236694336, 17.716804504394588], [-61.85680389404297, 17.716804504394588], [-61.85680389404297, 17.71652793884283], [-61.85625076293945, 17.71652793884283], [-61.85625076293945, 17.716804504394588], [-61.855972290039006, 17.716804504394588], [-61.855972290039006, 17.71763610839838], [-61.855693817138615, 17.71763610839838], [-61.855693817138615, 17.71819686889654], [-61.855415344238224, 17.71819686889654], [-61.855415344238224, 17.718471527099723], [-61.8551406860351, 17.718471527099723], [-61.8551406860351, 17.718748092651367], [-61.854583740234375, 17.718748092651367], [-61.854583740234375, 17.719028472900504], [-61.85319519042969, 17.719028472900504], [-61.85319519042969, 17.718748092651367], [-61.85263824462885, 17.718748092651367], [-61.85263824462885, 17.718471527099723], [-61.85235977172846, 17.718471527099723], [-61.85235977172846, 17.71819686889654], [-61.852085113525334, 17.71819686889654], [-61.852085113525334, 17.71791839599615], [-61.85152816772461, 17.71791839599615], [-61.85152816772461, 17.71763610839838], [-61.85124969482422, 17.71763610839838], [-61.85124969482422, 17.71736145019537], [-61.85097122192383, 17.71736145019537], [-61.85097122192383, 17.71708297729498], [-61.849582672119084, 17.71708297729498], [-61.849582672119084, 17.71736145019537], [-61.84930419921869, 17.71736145019537], [-61.84930419921869, 17.71763610839838], [-61.84902954101557, 17.71763610839838], [-61.84902954101557, 17.71819686889654], [-61.84875106811518, 17.71819686889654], [-61.84875106811518, 17.718471527099723], [-61.84847259521473, 17.718471527099723], [-61.84847259521473, 17.718748092651367], [-61.84819412231445, 17.718748092651367], [-61.84819412231445, 17.719028472900504], [-61.84791564941406, 17.719028472900504], [-61.84791564941406, 17.719583511352482], [-61.84819412231445, 17.719583511352482], [-61.84819412231445, 17.719861984253043], [-61.84875106811518, 17.719861984253043], [-61.84875106811518, 17.720136642456055], [-61.84902954101557, 17.720136642456055], [-61.84902954101557, 17.720693588256836], [-61.84930419921869, 17.720693588256836], [-61.84930419921869, 17.720972061157227], [-61.849582672119084, 17.720972061157227], [-61.849582672119084, 17.719861984253043], [-61.84986114501953, 17.719861984253043], [-61.84986114501953, 17.719306945800895], [-61.85013961791992, 17.719306945800895], [-61.85013961791992, 17.719028472900504], [-61.85041809082031, 17.719028472900504], [-61.85041809082031, 17.718748092651367], [-61.85097122192383, 17.718748092651367], [-61.85097122192383, 17.719861984253043], [-61.85124969482422, 17.719861984253043], [-61.85124969482422, 17.722084045410156], [-61.85152816772461, 17.722084045410156], [-61.85152816772461, 17.72236061096197], [-61.851806640624886, 17.72236061096197], [-61.851806640624886, 17.721250534057617], [-61.852085113525334, 17.721250534057617], [-61.852085113525334, 17.720693588256836], [-61.851806640624886, 17.720693588256836], [-61.851806640624886, 17.720418930053825], [-61.852085113525334, 17.720418930053825], [-61.852085113525334, 17.719861984253043], [-61.85235977172846, 17.719861984253043], [-61.85235977172846, 17.719583511352482], [-61.854026794433594, 17.719583511352482], [-61.854026794433594, 17.720136642456055], [-61.8537483215332, 17.720136642456055], [-61.8537483215332, 17.720418930053825], [-61.85347366333008, 17.720418930053825], [-61.85347366333008, 17.720693588256836], [-61.85319519042969, 17.720693588256836], [-61.85319519042969, 17.72263908386236], [-61.85291671752924, 17.72263908386236], [-61.85291671752924, 17.7234725952149], [-61.85319519042969, 17.7234725952149], [-61.85319519042969, 17.723749160766715], [-61.8537483215332, 17.723749160766715], [-61.8537483215332, 17.724027633667106], [-61.854305267333984, 17.724027633667106], [-61.854305267333984, 17.7234725952149], [-61.85486221313465, 17.7234725952149], [-61.85486221313465, 17.723749160766715], [-61.855415344238224, 17.723749160766715], [-61.855415344238224, 17.724306106567496], [-61.8551406860351, 17.724306106567496], [-61.8551406860351, 17.724861145019645], [-61.85486221313465, 17.724861145019645], [-61.85486221313465, 17.725139617920036], [-61.854583740234375, 17.725139617920036], [-61.854583740234375, 17.725971221923828], [-61.854305267333984, 17.725971221923828], [-61.854305267333984, 17.72624969482422], [-61.854026794433594, 17.72624969482422], [-61.854026794433594, 17.72652816772461], [-61.8537483215332, 17.72652816772461], [-61.8537483215332, 17.726804733276367], [-61.85319519042969, 17.726804733276367], [-61.85319519042969, 17.727083206176758], [-61.852085113525334, 17.727083206176758], [-61.852085113525334, 17.72736167907715], [-61.851806640624886, 17.72736167907715], [-61.851806640624886, 17.727638244628963], [-61.85041809082031, 17.727638244628963], [-61.85041809082031, 17.727916717529354], [-61.85013961791992, 17.727916717529354], [-61.85013961791992, 17.72819328308111], [-61.84902954101557, 17.72819328308111], [-61.84902954101557, 17.728471755981502], [-61.84875106811518, 17.728471755981502], [-61.84875106811518, 17.728750228881893], [-61.84791564941406, 17.728750228881893], [-61.84791564941406, 17.729028701782283], [-61.84652709960932, 17.729028701782283], [-61.84652709960932, 17.729303359985465], [-61.84569549560541, 17.729303359985465], [-61.84569549560541, 17.729583740234432], [-61.844581604003906, 17.729583740234432], [-61.844581604003906, 17.729303359985465], [-61.84402847290039, 17.729303359985465], [-61.84402847290039, 17.729028701782283], [-61.84347152709961, 17.729028701782283], [-61.84347152709961, 17.728750228881893], [-61.84319305419916, 17.728750228881893], [-61.84319305419916, 17.728471755981502], [-61.842639923095646, 17.728471755981502], [-61.842639923095646, 17.72819328308111], [-61.842361450195256, 17.72819328308111], [-61.842361450195256, 17.727916717529354], [-61.84208297729481, 17.727916717529354], [-61.84208297729481, 17.727638244628963], [-61.84180450439453, 17.727638244628963], [-61.84180450439453, 17.72736167907715], [-61.84152603149414, 17.72736167907715], [-61.84152603149414, 17.726804733276367], [-61.841251373291016, 17.726804733276367], [-61.841251373291016, 17.72652816772461], [-61.840972900390625, 17.72652816772461], [-61.840972900390625, 17.72624969482422], [-61.840694427490234, 17.72624969482422], [-61.840694427490234, 17.725694656372013], [-61.840415954589844, 17.725694656372013], [-61.840415954589844, 17.724861145019645], [-61.840137481689396, 17.724861145019645], [-61.840137481689396, 17.724582672119254], [-61.83986282348627, 17.724582672119254], [-61.83986282348627, 17.724027633667106], [-61.83958435058588, 17.724027633667106], [-61.83958435058588, 17.7234725952149], [-61.83930587768549, 17.7234725952149], [-61.83930587768549, 17.72319412231451], [-61.83791732788086, 17.72319412231451], [-61.83791732788086, 17.722917556762752], [-61.83763885498047, 17.722917556762752], [-61.83763885498047, 17.72263908386236], [-61.83736038208008, 17.72263908386236], [-61.83736038208008, 17.722084045410156], [-61.836807250976506, 17.722084045410156], [-61.836807250976506, 17.721527099609432], [-61.836528778076115, 17.721527099609432], [-61.836528778076115, 17.721250534057617], [-61.836250305175724, 17.721250534057617], [-61.836250305175724, 17.720693588256836], [-61.835971832275334, 17.720693588256836], [-61.835971832275334, 17.720418930053825], [-61.835693359374886, 17.720418930053825], [-61.835693359374886, 17.720136642456055], [-61.83541488647461, 17.720136642456055], [-61.83541488647461, 17.719583511352482], [-61.835140228271484, 17.719583511352482], [-61.835140228271484, 17.719028472900504], [-61.834861755371094, 17.719028472900504], [-61.834861755371094, 17.718748092651367], [-61.83430480957031, 17.718748092651367], [-61.83430480957031, 17.71819686889654], [-61.83402633666992, 17.71819686889654], [-61.83402633666992, 17.71763610839838], [-61.83375167846674, 17.71763610839838], [-61.83375167846674, 17.71736145019537], [-61.83347320556635, 17.71736145019537], [-61.83347320556635, 17.71708297729498], [-61.83319473266596, 17.71708297729498], [-61.83319473266596, 17.716804504394588], [-61.83263778686512, 17.716804504394588], [-61.83263778686512, 17.71652793884283], [-61.832359313964844, 17.71652793884283], [-61.832359313964844, 17.71624946594244], [-61.83208465576172, 17.71624946594244], [-61.83208465576172, 17.715694427490234], [-61.83180618286133, 17.715694427490234], [-61.83180618286133, 17.715414047241268], [-61.83152770996094, 17.715414047241268], [-61.83152770996094, 17.715139389038086], [-61.83124923706055, 17.715139389038086], [-61.83124923706055, 17.714860916137695], [-61.830970764160156, 17.714860916137695], [-61.830970764160156, 17.714582443237305], [-61.830696105956974, 17.714582443237305], [-61.830696105956974, 17.71430587768549], [-61.830417633056584, 17.71430587768549], [-61.830417633056584, 17.714027404785156], [-61.83013916015619, 17.714027404785156], [-61.83013916015619, 17.713750839233512], [-61.8298606872558, 17.713750839233512], [-61.8298606872558, 17.71347236633312], [-61.82958221435541, 17.71347236633312], [-61.82958221435541, 17.71319389343256], [-61.829303741454964, 17.71319389343256], [-61.829303741454964, 17.712917327880973], [-61.82902908325195, 17.712917327880973], [-61.82902908325195, 17.712360382080192], [-61.82875061035156, 17.712360382080192], [-61.82875061035156, 17.711805343627987], [-61.82847213745117, 17.711805343627987], [-61.82847213745117, 17.711250305175838], [-61.82819366455078, 17.711250305175838], [-61.82819366455078, 17.71013832092291], [-61.827640533447266, 17.71013832092291], [-61.827640533447266, 17.709861755371094], [-61.82736206054682, 17.709861755371094], [-61.82736206054682, 17.709304809570312], [-61.82708358764643, 17.709304809570312], [-61.82708358764643, 17.708749771118164], [-61.826526641845646, 17.708749771118164], [-61.826526641845646, 17.708471298217773], [-61.8262481689452, 17.708471298217773], [-61.8262481689452, 17.70819473266596], [-61.82597351074219, 17.70819473266596], [-61.82597351074219, 17.707916259765568], [-61.8256950378418, 17.707916259765568], [-61.8256950378418, 17.70763969421398], [-61.825416564941406, 17.70763969421398], [-61.825416564941406, 17.7070827484132], [-61.825138092041016, 17.7070827484132], [-61.825138092041016, 17.706806182861442], [-61.8245849609375, 17.706806182861442], [-61.8245849609375, 17.706247329711857], [-61.82430648803705, 17.706247329711857], [-61.82430648803705, 17.705694198608455], [-61.82402801513666, 17.705694198608455], [-61.82402801513666, 17.705417633056697], [-61.82374954223627, 17.705417633056697], [-61.82374954223627, 17.70513725280773], [-61.82347106933588, 17.70513725280773], [-61.82347106933588, 17.704307556152344], [-61.82319259643549, 17.704307556152344], [-61.82319259643549, 17.703750610351562], [-61.82291793823242, 17.703750610351562], [-61.82291793823242, 17.703472137451172], [-61.82236099243164, 17.703472137451172], [-61.82236099243164, 17.70319366455078], [-61.82208251953125, 17.70319366455078], [-61.82208251953125, 17.70291519165039], [-61.82180404663086, 17.70291519165039], [-61.82180404663086, 17.70236206054699], [-61.821529388427734, 17.70236206054699], [-61.821529388427734, 17.702083587646428], [-61.820972442626896, 17.702083587646428], [-61.820972442626896, 17.70152854919445], [-61.820693969726506, 17.70152854919445], [-61.820693969726506, 17.70180320739746], [-61.820415496826115, 17.70180320739746], [-61.820415496826115, 17.702638626098633], [-61.820137023925724, 17.702638626098633], [-61.820137023925724, 17.70291519165039], [-61.81986236572254, 17.70291519165039], [-61.81986236572254, 17.703472137451172], [-61.819305419921875, 17.703472137451172], [-61.819305419921875, 17.703750610351562], [-61.81819534301758, 17.703750610351562], [-61.81819534301758, 17.70319366455078], [-61.81847381591797, 17.70319366455078], [-61.81847381591797, 17.70236206054699], [-61.81819534301758, 17.70236206054699], [-61.81819534301758, 17.702638626098633], [-61.81763839721674, 17.702638626098633], [-61.81763839721674, 17.70319366455078], [-61.81735992431635, 17.70319366455078], [-61.81735992431635, 17.703472137451172], [-61.8165283203125, 17.703472137451172], [-61.8165283203125, 17.703750610351562], [-61.81347274780262, 17.703750610351562], [-61.81347274780262, 17.704025268554744], [-61.813194274902344, 17.704025268554744], [-61.813194274902344, 17.704307556152344], [-61.81236267089844, 17.704307556152344], [-61.81236267089844, 17.704025268554744], [-61.8106956481933, 17.704025268554744], [-61.8106956481933, 17.703750610351562], [-61.810417175292855, 17.703750610351562], [-61.810417175292855, 17.703472137451172], [-61.81013870239258, 17.703472137451172], [-61.81013870239258, 17.702083587646428], [-61.8095817565918, 17.702083587646428], [-61.8095817565918, 17.70180320739746], [-61.80930709838867, 17.70180320739746], [-61.80930709838867, 17.70152854919445], [-61.80902862548828, 17.70152854919445], [-61.80902862548828, 17.70125007629406], [-61.80875015258789, 17.70125007629406], [-61.80875015258789, 17.70097160339367], [-61.8084716796875, 17.70097160339367], [-61.8084716796875, 17.70041656494152], [-61.80819320678705, 17.70041656494152], [-61.80819320678705, 17.699861526489315], [-61.80791854858393, 17.699861526489315], [-61.80791854858393, 17.699581146240348], [-61.80764007568354, 17.699581146240348], [-61.80764007568354, 17.699306488037166], [-61.807361602783146, 17.699306488037166], [-61.807361602783146, 17.699028015136776], [-61.8070831298827, 17.699028015136776], [-61.8070831298827, 17.698749542236385], [-61.80680465698242, 17.698749542236385], [-61.80680465698242, 17.698471069335994], [-61.806251525878906, 17.698471069335994], [-61.806251525878906, 17.69819450378418], [-61.805694580078125, 17.69819450378418], [-61.805694580078125, 17.69791603088379], [-61.805416107177734, 17.69791603088379], [-61.805416107177734, 17.69763946533203], [-61.80513763427729, 17.69763946533203], [-61.80513763427729, 17.69791603088379], [-61.80486297607416, 17.69791603088379], [-61.80486297607416, 17.69819450378418], [-61.80402755737293, 17.69819450378418], [-61.80402755737293, 17.698471069335994], [-61.803749084472656, 17.698471069335994], [-61.803749084472656, 17.699028015136776], [-61.803470611572266, 17.699028015136776], [-61.803470611572266, 17.699581146240348], [-61.80319595336914, 17.699581146240348], [-61.80319595336914, 17.70013809204113], [-61.80291748046875, 17.70013809204113], [-61.80291748046875, 17.70041656494152], [-61.801807403564396, 17.70041656494152], [-61.801807403564396, 17.700693130493278], [-61.80069351196278, 17.700693130493278], [-61.80069351196278, 17.70097160339367], [-61.79652786254883, 17.70097160339367], [-61.79652786254883, 17.70125007629406], [-61.795696258544865, 17.70125007629406], [-61.795696258544865, 17.70097160339367], [-61.79486083984369, 17.70097160339367], [-61.79486083984369, 17.700693130493278], [-61.7945823669433, 17.700693130493278], [-61.7945823669433, 17.699861526489315], [-61.794303894042855, 17.699861526489315], [-61.794303894042855, 17.699581146240348], [-61.794029235839844, 17.699581146240348], [-61.794029235839844, 17.699306488037166], [-61.79375076293945, 17.699306488037166], [-61.79375076293945, 17.699028015136776], [-61.79319381713867, 17.699028015136776], [-61.79319381713867, 17.698749542236385], [-61.79291534423828, 17.698749542236385], [-61.79291534423828, 17.69819450378418], [-61.792640686035156, 17.69819450378418], [-61.792640686035156, 17.69791603088379], [-61.79236221313471, 17.69791603088379], [-61.79236221313471, 17.69763946533203], [-61.79208374023432, 17.69763946533203], [-61.79208374023432, 17.696805953979435], [-61.79180526733393, 17.696805953979435], [-61.79180526733393, 17.6965274810791], [-61.79152679443354, 17.6965274810791], [-61.79152679443354, 17.695972442627067], [-61.79124832153309, 17.695972442627067], [-61.79124832153309, 17.695140838623104], [-61.79097366333008, 17.695140838623104], [-61.79097366333008, 17.694860458374137], [-61.7904167175293, 17.694860458374137], [-61.7904167175293, 17.694583892822322], [-61.790138244628906, 17.694583892822322], [-61.790138244628906, 17.694305419921932], [-61.789859771728516, 17.694305419921932], [-61.789859771728516, 17.694028854370174], [-61.78958511352539, 17.694028854370174], [-61.78958511352539, 17.693750381469783], [-61.78930664062494, 17.693750381469783], [-61.78930664062494, 17.693471908569393], [-61.78902816772455, 17.693471908569393], [-61.78902816772455, 17.693195343017578], [-61.78874969482416, 17.693195343017578], [-61.78874969482416, 17.69291877746582], [-61.78847122192377, 17.69291877746582], [-61.78847122192377, 17.69236183166504], [-61.78819274902338, 17.69236183166504], [-61.78819274902338, 17.69180679321289], [-61.78791809082031, 17.69180679321289], [-61.78791809082031, 17.691526412963867], [-61.78763961791992, 17.691526412963867], [-61.78763961791992, 17.69124984741211], [-61.78736114501953, 17.69124984741211], [-61.78736114501953, 17.69097137451172], [-61.78708267211914, 17.69097137451172], [-61.78708267211914, 17.690696716308707], [-61.78680419921875, 17.690696716308707], [-61.78680419921875, 17.690414428710938], [-61.786529541015625, 17.690414428710938], [-61.786529541015625, 17.690139770507926], [-61.78597259521479, 17.690139770507926], [-61.78597259521479, 17.689861297607536], [-61.785694122314396, 17.689861297607536], [-61.785694122314396, 17.689582824707145], [-61.785137176513615, 17.689582824707145], [-61.785137176513615, 17.689304351806584], [-61.78486251831043, 17.689304351806584], [-61.78486251831043, 17.689027786254996], [-61.784584045410156, 17.689027786254996], [-61.784584045410156, 17.688749313354606], [-61.784305572509766, 17.688749313354606], [-61.784305572509766, 17.68847274780279], [-61.784027099609375, 17.68847274780279], [-61.784027099609375, 17.6881942749024], [-61.783748626708984, 17.6881942749024], [-61.783748626708984, 17.68791580200201], [-61.78347396850586, 17.68791580200201], [-61.78347396850586, 17.687639236450252], [-61.78319549560547, 17.687639236450252], [-61.78319549560547, 17.68708229064947], [-61.78291702270502, 17.68708229064947], [-61.78291702270502, 17.686250686645508], [-61.78263854980463, 17.686250686645508], [-61.78263854980463, 17.68541717529297], [-61.78236007690424, 17.68541717529297], [-61.78236007690424, 17.685138702392578], [-61.78180694580067, 17.685138702392578], [-61.78180694580067, 17.684860229492188], [-61.78152847290039, 17.684860229492188], [-61.78152847290039, 17.684583663940373], [-61.78125, 17.684583663940373], [-61.78125, 17.683750152588004], [-61.78097152709961, 17.683750152588004], [-61.78097152709961, 17.682916641235465], [-61.78069305419922, 17.682916641235465], [-61.78069305419922, 17.68208312988287], [-61.780418395996094, 17.68208312988287], [-61.780418395996094, 17.68152809143072], [-61.7801399230957, 17.68152809143072], [-61.7801399230957, 17.68124961853033], [-61.77986145019531, 17.68124961853033], [-61.77986145019531, 17.680973052978516], [-61.779582977294865, 17.680973052978516], [-61.779582977294865, 17.680139541625977], [-61.779304504394474, 17.680139541625977], [-61.779304504394474, 17.679861068725586], [-61.779026031494084, 17.679861068725586], [-61.779026031494084, 17.679582595825195], [-61.77875137329096, 17.679582595825195], [-61.77875137329096, 17.679307937622184], [-61.77847290039051, 17.679307937622184], [-61.77847290039051, 17.679025650024414], [-61.778194427490234, 17.679025650024414], [-61.778194427490234, 17.678747177124023], [-61.777915954589844, 17.678747177124023], [-61.777915954589844, 17.678472518921012], [-61.77736282348633, 17.678472518921012], [-61.77736282348633, 17.678195953369254], [-61.77708435058594, 17.678195953369254], [-61.77708435058594, 17.67791557312006], [-61.7765274047851, 17.67791557312006], [-61.7765274047851, 17.67763710021967], [-61.77624893188471, 17.67763710021967], [-61.77624893188471, 17.677360534668082], [-61.77597045898432, 17.677360534668082], [-61.77597045898432, 17.6770858764649], [-61.77569580078119, 17.6770858764649], [-61.77569580078119, 17.67652511596674], [-61.775417327880746, 17.67652511596674], [-61.775417327880746, 17.67625045776373], [-61.77513885498047, 17.67625045776373], [-61.77513885498047, 17.675971984863338], [-61.77430725097656, 17.675971984863338], [-61.77430725097656, 17.675693511962947], [-61.77402877807617, 17.675693511962947], [-61.77402877807617, 17.67541694641119], [-61.77375030517578, 17.67541694641119], [-61.77375030517578, 17.674861907958984], [-61.77347183227539, 17.674861907958984], [-61.77347183227539, 17.674583435058594], [-61.77319335937494, 17.674583435058594], [-61.77319335937494, 17.674303054809627], [-61.77291488647455, 17.674303054809627], [-61.77291488647455, 17.674028396606445], [-61.77264022827143, 17.674028396606445], [-61.77264022827143, 17.673471450805664], [-61.77236175537104, 17.673471450805664], [-61.77236175537104, 17.67208290100109], [-61.77180480957031, 17.67208290100109], [-61.77180480957031, 17.671806335449332], [-61.77152633666992, 17.671806335449332], [-61.77152633666992, 17.671527862548942], [-61.770694732666016, 17.671527862548942], [-61.770694732666016, 17.670972824096737], [-61.77013778686518, 17.670972824096737], [-61.77013778686518, 17.670415878295955], [-61.76958465576166, 17.670415878295955], [-61.76958465576166, 17.670139312744197], [-61.76930618286127, 17.670139312744197], [-61.76930618286127, 17.669860839843807], [-61.769027709960824, 17.669860839843807], [-61.769027709960824, 17.669584274291992], [-61.768470764160156, 17.669584274291992], [-61.768470764160156, 17.6693058013916], [-61.76819610595703, 17.6693058013916], [-61.76819610595703, 17.669027328491268], [-61.76763916015625, 17.669027328491268], [-61.76763916015625, 17.668750762939453], [-61.76736068725586, 17.668750762939453], [-61.76736068725586, 17.668472290039062], [-61.76708221435547, 17.668472290039062], [-61.76708221435547, 17.668193817138672], [-61.766529083251896, 17.668193817138672], [-61.766529083251896, 17.667917251586914], [-61.765972137451115, 17.667917251586914], [-61.765972137451115, 17.66764068603527], [-61.76569366455067, 17.66764068603527], [-61.76569366455067, 17.667083740234318], [-61.764305114746094, 17.667083740234318], [-61.764305114746094, 17.666805267333928], [-61.76347351074213, 17.666805267333928], [-61.76347351074213, 17.66652870178234], [-61.76319503784174, 17.66652870178234], [-61.76319503784174, 17.66625022888195], [-61.76291656494135, 17.66625022888195], [-61.76291656494135, 17.66597175598156], [-61.7626380920409, 17.66597175598156], [-61.7626380920409, 17.665695190429744], [-61.762359619140625, 17.665695190429744], [-61.762359619140625, 17.665136337280217], [-61.76180648803711, 17.665136337280217], [-61.76180648803711, 17.664026260376033], [-61.76152801513672, 17.664026260376033], [-61.76152801513672, 17.663749694824276], [-61.76124954223633, 17.663749694824276], [-61.76124954223633, 17.66347312927246], [-61.76069259643555, 17.66347312927246], [-61.76069259643555, 17.663196563720703], [-61.760417938232365, 17.663196563720703], [-61.760417938232365, 17.662914276123104], [-61.759860992431584, 17.662914276123104], [-61.759860992431584, 17.662639617919922], [-61.75958251953119, 17.662639617919922], [-61.75958251953119, 17.66180419921875], [-61.759304046630746, 17.66180419921875], [-61.759304046630746, 17.6612491607666], [-61.759029388427734, 17.6612491607666], [-61.759029388427734, 17.660972595214957], [-61.758750915527344, 17.660972595214957], [-61.758750915527344, 17.66069221496582], [-61.75847244262695, 17.66069221496582], [-61.75847244262695, 17.66041755676281], [-61.75819396972656, 17.66041755676281], [-61.75819396972656, 17.66013908386242], [-61.7573623657226, 17.66013908386242], [-61.7573623657226, 17.659860610962028], [-61.75708389282221, 17.659860610962028], [-61.75708389282221, 17.659582138061637], [-61.75680541992182, 17.659582138061637], [-61.75680541992182, 17.659305572509822], [-61.75652694702143, 17.659305572509822], [-61.75652694702143, 17.658750534057674], [-61.75624847412098, 17.658750534057674], [-61.75624847412098, 17.658472061157283], [-61.75597381591797, 17.658472061157283], [-61.75597381591797, 17.658193588256893], [-61.7551383972168, 17.658193588256893], [-61.7551383972168, 17.657917022705135], [-61.754581451416016, 17.657917022705135], [-61.754581451416016, 17.657360076904354], [-61.754306793212834, 17.657360076904354], [-61.754306793212834, 17.65708351135254], [-61.75374984741205, 17.65708351135254], [-61.75374984741205, 17.65680503845215], [-61.75347137451166, 17.65680503845215], [-61.75347137451166, 17.656251907348746], [-61.75319290161127, 17.656251907348746], [-61.75319290161127, 17.65597152709961], [-61.7529182434082, 17.65597152709961], [-61.7529182434082, 17.655694961547795], [-61.75263977050781, 17.655694961547795], [-61.75263977050781, 17.655416488647404], [-61.75236129760742, 17.655416488647404], [-61.75236129760742, 17.655139923095817], [-61.75208282470703, 17.655139923095817], [-61.75208282470703, 17.654582977295036], [-61.75180435180664, 17.654582977295036], [-61.75180435180664, 17.654306411743278], [-61.75152587890625, 17.654306411743278], [-61.75152587890625, 17.654029846191463], [-61.751251220703125, 17.654029846191463], [-61.751251220703125, 17.653749465942496], [-61.75097274780268, 17.653749465942496], [-61.75097274780268, 17.653472900390682], [-61.750415802001896, 17.653472900390682], [-61.750415802001896, 17.65319442749029], [-61.750137329101506, 17.65319442749029], [-61.750137329101506, 17.652917861938533], [-61.749862670898324, 17.652917861938533], [-61.749862670898324, 17.652639389038143], [-61.74958419799805, 17.652639389038143], [-61.74958419799805, 17.652360916137752], [-61.749305725097656, 17.652360916137752], [-61.749305725097656, 17.65208244323736], [-61.748748779296875, 17.65208244323736], [-61.748748779296875, 17.65152549743658], [-61.74847412109375, 17.65152549743658], [-61.74847412109375, 17.650693893432617], [-61.74819564819336, 17.650693893432617], [-61.74819564819336, 17.65013885498047], [-61.74791717529291, 17.65013885498047], [-61.74791717529291, 17.649026870727482], [-61.74763870239252, 17.649026870727482], [-61.74763870239252, 17.648750305175895], [-61.74736022949213, 17.648750305175895], [-61.74736022949213, 17.648471832275504], [-61.74680709838856, 17.648471832275504], [-61.74680709838856, 17.648193359375114], [-61.74652862548828, 17.648193359375114], [-61.74652862548828, 17.647916793823356], [-61.74625015258789, 17.647916793823356], [-61.74625015258789, 17.64736175537115], [-61.7459716796875, 17.64736175537115], [-61.7459716796875, 17.64680480957037], [-61.74569320678711, 17.64680480957037], [-61.74569320678711, 17.64652824401861], [-61.745418548583984, 17.64652824401861], [-61.745418548583984, 17.64624977111822], [-61.745140075683594, 17.64624977111822], [-61.745140075683594, 17.64597129821783], [-61.7448616027832, 17.64597129821783], [-61.7448616027832, 17.645694732666016], [-61.744583129882756, 17.645694732666016], [-61.744583129882756, 17.645139694213867], [-61.744304656982365, 17.645139694213867], [-61.744304656982365, 17.64430618286127], [-61.744026184081974, 17.64430618286127], [-61.744026184081974, 17.643749237060547], [-61.7434730529784, 17.643749237060547], [-61.7434730529784, 17.643472671508903], [-61.743194580078125, 17.643472671508903], [-61.743194580078125, 17.642639160156364], [-61.742916107177734, 17.642639160156364], [-61.742916107177734, 17.641805648803768], [-61.742637634277344, 17.641805648803768], [-61.742637634277344, 17.64125061035162], [-61.74236297607422, 17.64125061035162], [-61.74236297607422, 17.64041709899908], [-61.74208450317383, 17.64041709899908], [-61.74208450317383, 17.64013862609869], [-61.74180603027344, 17.64013862609869], [-61.74180603027344, 17.639583587646484], [-61.74152755737299, 17.639583587646484], [-61.74152755737299, 17.639305114746094], [-61.7412490844726, 17.639305114746094], [-61.7412490844726, 17.639028549194336], [-61.74097061157221, 17.639028549194336], [-61.74097061157221, 17.638750076293945], [-61.740695953369084, 17.638750076293945], [-61.740695953369084, 17.638196945190543], [-61.740417480468636, 17.638196945190543], [-61.740417480468636, 17.63652610778803], [-61.74013900756836, 17.63652610778803], [-61.74013900756836, 17.63541412353527], [-61.73986053466797, 17.63541412353527], [-61.73986053466797, 17.634582519531307], [-61.73958206176758, 17.634582519531307], [-61.73958206176758, 17.634304046630916], [-61.73930740356445, 17.634304046630916], [-61.73930740356445, 17.633750915527344], [-61.73902893066406, 17.633750915527344], [-61.73902893066406, 17.633192062377987], [-61.73875045776367, 17.633192062377987], [-61.73875045776367, 17.632360458374023], [-61.73847198486328, 17.632360458374023], [-61.73847198486328, 17.631526947021428], [-61.738193511962834, 17.631526947021428], [-61.738193511962834, 17.629028320312557], [-61.73791503906244, 17.629028320312557], [-61.73791503906244, 17.628751754760742], [-61.738193511962834, 17.628751754760742], [-61.738193511962834, 17.62819480895996], [-61.73791503906244, 17.62819480895996], [-61.73791503906244, 17.627361297607422], [-61.738193511962834, 17.627361297607422], [-61.738193511962834, 17.62513923645031], [-61.73791503906244, 17.62513923645031], [-61.73791503906244, 17.624584197998104], [-61.73764038085932, 17.624584197998104], [-61.73764038085932, 17.624025344848576], [-61.73736190795893, 17.624025344848576], [-61.73736190795893, 17.623472213745174], [-61.73708343505848, 17.623472213745174], [-61.73708343505848, 17.622915267944393], [-61.7368049621582, 17.622915267944393], [-61.7368049621582, 17.622360229492244], [-61.73652648925781, 17.622360229492244], [-61.73652648925781, 17.62208366394043], [-61.73625183105469, 17.62208366394043], [-61.73625183105469, 17.6209716796875], [-61.7359733581543, 17.6209716796875], [-61.7359733581543, 17.619028091430778], [-61.735694885253906, 17.619028091430778], [-61.735694885253906, 17.618471145629996], [-61.735416412353516, 17.618471145629996], [-61.735416412353516, 17.615694046020508], [-61.73513793945307, 17.615694046020508], [-61.73513793945307, 17.61236190795904], [-61.735416412353516, 17.61236190795904], [-61.735416412353516, 17.61124992370611], [-61.73513793945307, 17.61124992370611], [-61.73513793945307, 17.61069679260254], [-61.73485946655268, 17.61069679260254], [-61.73485946655268, 17.609861373901367], [-61.73458480834955, 17.609861373901367], [-61.73458480834955, 17.609582901000977], [-61.73430633544916, 17.609582901000977], [-61.73430633544916, 17.609027862548828], [-61.734027862548714, 17.609027862548828], [-61.734027862548714, 17.60847473144537], [-61.73374938964844, 17.60847473144537], [-61.73374938964844, 17.60791587829584], [-61.73347091674805, 17.60791587829584], [-61.73347091674805, 17.607082366943473], [-61.73319625854492, 17.607082366943473], [-61.73319625854492, 17.606527328491325], [-61.73291778564453, 17.606527328491325], [-61.73291778564453, 17.60625076293951], [-61.73263931274414, 17.60625076293951], [-61.73263931274414, 17.60541725158697], [-61.73236083984375, 17.60541725158697], [-61.73236083984375, 17.60319519042963], [-61.73208236694336, 17.60319519042963], [-61.73208236694336, 17.60208320617687], [-61.73236083984375, 17.60208320617687], [-61.73236083984375, 17.601249694824332], [-61.73263931274414, 17.601249694824332], [-61.73263931274414, 17.600416183471737], [-61.73236083984375, 17.600416183471737], [-61.73236083984375, 17.599861145019588], [-61.73208236694336, 17.599861145019588], [-61.73208236694336, 17.599582672119197], [-61.73180389404291, 17.599582672119197], [-61.73180389404291, 17.599306106567383], [-61.73152923583979, 17.599306106567383], [-61.73152923583979, 17.599029541015625], [-61.731250762939396, 17.599029541015625], [-61.731250762939396, 17.598472595214844], [-61.73069381713856, 17.598472595214844], [-61.73069381713856, 17.597917556762695], [-61.730972290039006, 17.597917556762695], [-61.730972290039006, 17.597637176513672], [-61.731250762939396, 17.597637176513672], [-61.731250762939396, 17.597360610961914], [-61.73152923583979, 17.597360610961914], [-61.73152923583979, 17.596807479858512], [-61.73180389404291, 17.596807479858512], [-61.73180389404291, 17.596525192260742], [-61.73208236694336, 17.596525192260742], [-61.73208236694336, 17.59597206115734], [-61.73236083984375, 17.59597206115734], [-61.73236083984375, 17.593750000000057], [-61.73180389404291, 17.593750000000057], [-61.73180389404291, 17.593193054199276], [-61.73152923583979, 17.593193054199276], [-61.73152923583979, 17.592638015747127], [-61.73180389404291, 17.592638015747127], [-61.73180389404291, 17.592081069946346], [-61.73291778564453, 17.592081069946346], [-61.73291778564453, 17.591806411743107], [-61.73319625854492, 17.591806411743107], [-61.73319625854492, 17.591527938842773], [-61.73347091674805, 17.591527938842773], [-61.73347091674805, 17.591249465942383], [-61.734027862548714, 17.591249465942383], [-61.734027862548714, 17.590694427490178], [-61.73430633544916, 17.590694427490178], [-61.73430633544916, 17.5901393890382], [-61.73458480834955, 17.5901393890382], [-61.73458480834955, 17.589305877685604], [-61.73485946655268, 17.589305877685604], [-61.73485946655268, 17.585695266723576], [-61.73513793945307, 17.585695266723576], [-61.73513793945307, 17.58513641357422], [-61.735694885253906, 17.58513641357422], [-61.735694885253906, 17.584583282470817], [-61.7359733581543, 17.584583282470817], [-61.7359733581543, 17.584026336669865], [-61.73652648925781, 17.584026336669865], [-61.73652648925781, 17.583749771118278], [-61.73708343505848, 17.583749771118278], [-61.73708343505848, 17.583471298217887], [-61.73736190795893, 17.583471298217887], [-61.73736190795893, 17.582914352417106], [-61.73764038085932, 17.582914352417106], [-61.73764038085932, 17.582639694213924], [-61.73791503906244, 17.582639694213924], [-61.73791503906244, 17.582361221313533], [-61.738193511962834, 17.582361221313533], [-61.738193511962834, 17.582082748413143], [-61.73847198486328, 17.582082748413143], [-61.73847198486328, 17.576528549194393], [-61.738193511962834, 17.576528549194393], [-61.738193511962834, 17.576250076294002], [-61.73847198486328, 17.576250076294002], [-61.73847198486328, 17.57597160339361], [-61.738193511962834, 17.57597160339361], [-61.738193511962834, 17.574861526489258], [-61.73791503906244, 17.574861526489258], [-61.73791503906244, 17.574306488037053], [-61.73764038085932, 17.574306488037053], [-61.73764038085932, 17.574029922485465], [-61.73736190795893, 17.574029922485465], [-61.73736190795893, 17.573194503784123], [-61.73708343505848, 17.573194503784123], [-61.73708343505848, 17.572639465332145], [-61.7368049621582, 17.572639465332145], [-61.7368049621582, 17.572360992431754], [-61.73652648925781, 17.572360992431754], [-61.73652648925781, 17.571807861328182], [-61.73625183105469, 17.571807861328182], [-61.73625183105469, 17.56958580017084], [-61.73652648925781, 17.56958580017084], [-61.73652648925781, 17.568750381469727], [-61.7368049621582, 17.568750381469727], [-61.7368049621582, 17.567638397216797], [-61.73708343505848, 17.567638397216797], [-61.73708343505848, 17.567083358764762], [-61.73736190795893, 17.567083358764762], [-61.73736190795893, 17.566528320312614], [-61.73764038085932, 17.566528320312614], [-61.73764038085932, 17.566249847412223], [-61.73791503906244, 17.566249847412223], [-61.73791503906244, 17.565971374511832], [-61.738193511962834, 17.565971374511832], [-61.738193511962834, 17.565416336059627], [-61.73847198486328, 17.565416336059627], [-61.73847198486328, 17.56486129760748], [-61.73875045776367, 17.56486129760748], [-61.73875045776367, 17.564582824707088], [-61.73902893066406, 17.564582824707088], [-61.73902893066406, 17.56402778625494], [-61.73930740356445, 17.56402778625494], [-61.73930740356445, 17.562915802001953], [-61.73958206176758, 17.562915802001953], [-61.73958206176758, 17.560138702392692], [-61.73930740356445, 17.560138702392692], [-61.73930740356445, 17.559583663940487], [-61.73875045776367, 17.559583663940487], [-61.73875045776367, 17.559028625488338], [-61.73847198486328, 17.559028625488338], [-61.73847198486328, 17.558471679687557], [-61.738193511962834, 17.558471679687557], [-61.738193511962834, 17.558195114135742], [-61.73791503906244, 17.558195114135742], [-61.73791503906244, 17.557918548583984], [-61.73764038085932, 17.557918548583984], [-61.73764038085932, 17.557636260986385], [-61.73736190795893, 17.557636260986385], [-61.73736190795893, 17.557361602783203], [-61.73708343505848, 17.557361602783203], [-61.73708343505848, 17.557083129882812], [-61.73652648925781, 17.557083129882812], [-61.73652648925781, 17.55652618408203], [-61.73625183105469, 17.55652618408203], [-61.73625183105469, 17.556249618530273], [-61.7359733581543, 17.556249618530273], [-61.7359733581543, 17.55569648742687], [-61.735694885253906, 17.55569648742687], [-61.735694885253906, 17.55513954162609], [-61.7359733581543, 17.55513954162609], [-61.7359733581543, 17.55458259582531], [-61.73625183105469, 17.55458259582531], [-61.73625183105469, 17.55374908447277], [-61.73652648925781, 17.55374908447277], [-61.73652648925781, 17.551250457763672], [-61.73625183105469, 17.551250457763672], [-61.73625183105469, 17.550416946411076], [-61.7359733581543, 17.550416946411076], [-61.7359733581543, 17.550138473510742], [-61.735694885253906, 17.550138473510742], [-61.735694885253906, 17.549861907959098], [-61.735416412353516, 17.549861907959098], [-61.735416412353516, 17.549304962158146], [-61.73485946655268, 17.549304962158146], [-61.73485946655268, 17.548751831054744], [-61.73458480834955, 17.548751831054744], [-61.73458480834955, 17.548471450805778], [-61.734027862548714, 17.548471450805778], [-61.734027862548714, 17.548194885253963], [-61.73374938964844, 17.548194885253963], [-61.73374938964844, 17.547916412353572], [-61.73347091674805, 17.547916412353572], [-61.73347091674805, 17.547639846801815], [-61.73319625854492, 17.547639846801815], [-61.73319625854492, 17.547361373901424], [-61.73263931274414, 17.547361373901424], [-61.73263931274414, 17.547082901001033], [-61.73208236694336, 17.547082901001033], [-61.73208236694336, 17.54680633544922], [-61.73152923583979, 17.54680633544922], [-61.73152923583979, 17.54652976989746], [-61.731250762939396, 17.54652976989746], [-61.731250762939396, 17.54597282409668], [-61.730972290039006, 17.54597282409668], [-61.730972290039006, 17.54486083984375], [-61.731250762939396, 17.54486083984375], [-61.731250762939396, 17.544584274291935], [-61.73152923583979, 17.544584274291935], [-61.73152923583979, 17.544307708740348], [-61.73208236694336, 17.544307708740348], [-61.73208236694336, 17.544025421142578], [-61.73263931274414, 17.544025421142578], [-61.73263931274414, 17.543472290039176], [-61.73374938964844, 17.543472290039176], [-61.73374938964844, 17.543750762939567], [-61.734027862548714, 17.543750762939567], [-61.734027862548714, 17.544025421142578], [-61.73458480834955, 17.544025421142578], [-61.73458480834955, 17.544307708740348], [-61.73485946655268, 17.544307708740348], [-61.73485946655268, 17.544584274291935], [-61.735416412353516, 17.544584274291935], [-61.735416412353516, 17.54513931274414], [-61.735694885253906, 17.54513931274414], [-61.735694885253906, 17.54652976989746], [-61.7359733581543, 17.54652976989746], [-61.7359733581543, 17.54680633544922], [-61.73625183105469, 17.54680633544922], [-61.73625183105469, 17.547082901001033], [-61.73652648925781, 17.547082901001033], [-61.73652648925781, 17.547639846801815], [-61.7368049621582, 17.547639846801815], [-61.7368049621582, 17.547916412353572], [-61.73708343505848, 17.547916412353572], [-61.73708343505848, 17.548194885253963], [-61.73736190795893, 17.548194885253963], [-61.73736190795893, 17.548471450805778], [-61.73791503906244, 17.548471450805778], [-61.73791503906244, 17.548751831054744], [-61.73847198486328, 17.548751831054744], [-61.73847198486328, 17.54902839660656], [-61.73875045776367, 17.54902839660656], [-61.73875045776367, 17.549304962158146], [-61.73902893066406, 17.549304962158146], [-61.73902893066406, 17.549583435058707], [-61.73958206176758, 17.549583435058707], [-61.73958206176758, 17.549861907959098], [-61.73986053466797, 17.549861907959098], [-61.73986053466797, 17.550138473510742], [-61.740417480468636, 17.550138473510742], [-61.740417480468636, 17.550416946411076], [-61.740695953369084, 17.550416946411076], [-61.740695953369084, 17.55069351196289], [-61.74152755737299, 17.55069351196289], [-61.74152755737299, 17.550970077514705], [-61.74208450317383, 17.550970077514705], [-61.74208450317383, 17.551250457763672], [-61.742637634277344, 17.551250457763672], [-61.742637634277344, 17.55152702331543], [-61.742916107177734, 17.55152702331543], [-61.742916107177734, 17.55180549621582], [-61.7434730529784, 17.55180549621582], [-61.7434730529784, 17.552082061767635], [-61.7448616027832, 17.552082061767635], [-61.7448616027832, 17.552360534668026], [-61.745140075683594, 17.552360534668026], [-61.745140075683594, 17.552639007568416], [-61.74708175659174, 17.552639007568416], [-61.74708175659174, 17.55319213867199], [-61.74763870239252, 17.55319213867199], [-61.74763870239252, 17.553472518920955], [-61.74819564819336, 17.553472518920955], [-61.74819564819336, 17.55374908447277], [-61.74847412109375, 17.55374908447277], [-61.74847412109375, 17.553472518920955], [-61.749027252197266, 17.553472518920955], [-61.749027252197266, 17.55319213867199], [-61.749305725097656, 17.55319213867199], [-61.749305725097656, 17.552917480468807], [-61.75208282470703, 17.552917480468807], [-61.75208282470703, 17.55319213867199], [-61.75236129760742, 17.55319213867199], [-61.75236129760742, 17.553472518920955], [-61.75347137451166, 17.553472518920955], [-61.75347137451166, 17.55374908447277], [-61.75374984741205, 17.55374908447277], [-61.75374984741205, 17.55402755737316], [-61.754306793212834, 17.55402755737316], [-61.754306793212834, 17.55430412292492], [-61.75569534301758, 17.55430412292492], [-61.75569534301758, 17.55458259582531], [-61.75652694702143, 17.55458259582531], [-61.75652694702143, 17.5548610687257], [-61.75763702392578, 17.5548610687257], [-61.75763702392578, 17.55513954162609], [-61.758750915527344, 17.55513954162609], [-61.758750915527344, 17.5554141998291], [-61.759029388427734, 17.5554141998291], [-61.759029388427734, 17.55569648742687], [-61.759304046630746, 17.55569648742687], [-61.759304046630746, 17.556249618530273], [-61.759029388427734, 17.556249618530273], [-61.759029388427734, 17.556804656982422], [-61.759304046630746, 17.556804656982422], [-61.759304046630746, 17.557083129882812], [-61.760139465331974, 17.557083129882812], [-61.760139465331974, 17.557361602783203], [-61.7620849609375, 17.557361602783203], [-61.7620849609375, 17.557083129882812], [-61.762359619140625, 17.557083129882812], [-61.762359619140625, 17.556804656982422], [-61.7626380920409, 17.556804656982422], [-61.7626380920409, 17.55652618408203], [-61.76347351074213, 17.55652618408203], [-61.76347351074213, 17.556249618530273], [-61.76319503784174, 17.556249618530273], [-61.76319503784174, 17.55597305297863], [-61.762359619140625, 17.55597305297863], [-61.762359619140625, 17.55569648742687], [-61.76152801513672, 17.55569648742687], [-61.76152801513672, 17.5554141998291], [-61.76124954223633, 17.5554141998291], [-61.76124954223633, 17.55513954162609], [-61.76069259643555, 17.55513954162609], [-61.76069259643555, 17.5548610687257], [-61.760139465331974, 17.5548610687257], [-61.760139465331974, 17.55458259582531], [-61.75958251953119, 17.55458259582531], [-61.75958251953119, 17.55402755737316], [-61.759304046630746, 17.55402755737316], [-61.759304046630746, 17.552917480468807], [-61.75958251953119, 17.552917480468807], [-61.75958251953119, 17.552639007568416], [-61.759860992431584, 17.552639007568416], [-61.759860992431584, 17.552360534668026], [-61.76097106933594, 17.552360534668026], [-61.76097106933594, 17.552082061767635], [-61.76152801513672, 17.552082061767635], [-61.76152801513672, 17.55180549621582], [-61.76180648803711, 17.55180549621582], [-61.76180648803711, 17.55152702331543], [-61.7620849609375, 17.55152702331543], [-61.7620849609375, 17.551250457763672], [-61.762359619140625, 17.551250457763672], [-61.762359619140625, 17.55069351196289], [-61.7626380920409, 17.55069351196289], [-61.7626380920409, 17.548751831054744], [-61.76291656494135, 17.548751831054744], [-61.76291656494135, 17.548194885253963], [-61.76319503784174, 17.548194885253963], [-61.76319503784174, 17.547361373901424], [-61.76347351074213, 17.547361373901424], [-61.76347351074213, 17.547082901001033], [-61.763748168945256, 17.547082901001033], [-61.763748168945256, 17.54680633544922], [-61.7640266418457, 17.54680633544922], [-61.7640266418457, 17.54652976989746], [-61.764583587646484, 17.54652976989746], [-61.764583587646484, 17.54597282409668], [-61.765140533447266, 17.54597282409668], [-61.765140533447266, 17.54513931274414], [-61.76541519165039, 17.54513931274414], [-61.76541519165039, 17.544584274291935], [-61.76569366455067, 17.544584274291935], [-61.76569366455067, 17.543750762939567], [-61.765972137451115, 17.543750762939567], [-61.765972137451115, 17.543193817138786], [-61.76680374145502, 17.543193817138786], [-61.76680374145502, 17.54513931274414], [-61.766529083251896, 17.54513931274414], [-61.766529083251896, 17.54680633544922], [-61.766250610351506, 17.54680633544922], [-61.766250610351506, 17.550416946411076], [-61.766529083251896, 17.550416946411076], [-61.766529083251896, 17.552360534668026], [-61.76680374145502, 17.552360534668026], [-61.76680374145502, 17.553472518920955], [-61.76708221435547, 17.553472518920955], [-61.76708221435547, 17.55430412292492], [-61.76736068725586, 17.55430412292492], [-61.76736068725586, 17.5554141998291], [-61.76791763305664, 17.5554141998291], [-61.76791763305664, 17.556249618530273], [-61.76819610595703, 17.556249618530273], [-61.76819610595703, 17.55652618408203], [-61.768470764160156, 17.55652618408203], [-61.768470764160156, 17.557083129882812], [-61.76874923706055, 17.557083129882812], [-61.76874923706055, 17.557636260986385], [-61.769027709960824, 17.557636260986385], [-61.769027709960824, 17.558195114135742], [-61.76930618286127, 17.558195114135742], [-61.76930618286127, 17.558471679687557], [-61.76958465576166, 17.558471679687557], [-61.76958465576166, 17.559028625488338], [-61.76985931396479, 17.559028625488338], [-61.76985931396479, 17.559305191040096], [-61.77013778686518, 17.559305191040096], [-61.77013778686518, 17.5598602294923], [-61.770416259765625, 17.5598602294923], [-61.770416259765625, 17.560417175293082], [-61.770973205566406, 17.560417175293082], [-61.770973205566406, 17.56097221374523], [-61.7712516784668, 17.56097221374523], [-61.7712516784668, 17.56125068664562], [-61.77152633666992, 17.56125068664562], [-61.77152633666992, 17.56152725219721], [-61.77180480957031, 17.56152725219721], [-61.77180480957031, 17.562360763549805], [-61.77208328247059, 17.562360763549805], [-61.77208328247059, 17.562639236450195], [-61.77236175537104, 17.562639236450195], [-61.77236175537104, 17.562915802001953], [-61.77264022827143, 17.562915802001953], [-61.77264022827143, 17.563194274902344], [-61.77291488647455, 17.563194274902344], [-61.77291488647455, 17.56374931335455], [-61.77319335937494, 17.56374931335455], [-61.77319335937494, 17.564306259155273], [-61.77347183227539, 17.564306259155273], [-61.77347183227539, 17.56486129760748], [-61.77402877807617, 17.56486129760748], [-61.77402877807617, 17.56513977050787], [-61.77430725097656, 17.56513977050787], [-61.77430725097656, 17.565694808960018], [-61.77513885498047, 17.565694808960018], [-61.77513885498047, 17.565971374511832], [-61.775417327880746, 17.565971374511832], [-61.775417327880746, 17.566249847412223], [-61.77597045898432, 17.566249847412223], [-61.77597045898432, 17.566528320312614], [-61.7765274047851, 17.566528320312614], [-61.7765274047851, 17.5668048858642], [-61.77680587768555, 17.5668048858642], [-61.77680587768555, 17.567083358764762], [-61.77736282348633, 17.567083358764762], [-61.77736282348633, 17.567361831665153], [-61.77763748168945, 17.567361831665153], [-61.77763748168945, 17.567638397216797], [-61.778194427490234, 17.567638397216797], [-61.778194427490234, 17.56791687011713], [-61.77875137329096, 17.56791687011713], [-61.77875137329096, 17.568193435668945], [-61.779304504394474, 17.568193435668945], [-61.779304504394474, 17.568471908569336], [-61.779582977294865, 17.568471908569336], [-61.779582977294865, 17.569026947021484], [-61.7801399230957, 17.569026947021484], [-61.7801399230957, 17.569307327270508], [-61.780418395996094, 17.569307327270508], [-61.780418395996094, 17.56958580017084], [-61.78069305419922, 17.56958580017084], [-61.78069305419922, 17.56986045837408], [-61.78125, 17.56986045837408], [-61.78125, 17.57013893127447], [-61.78152847290039, 17.57013893127447], [-61.78152847290039, 17.57041549682623], [-61.78180694580067, 17.57041549682623], [-61.78180694580067, 17.570695877075195], [-61.78236007690424, 17.570695877075195], [-61.78236007690424, 17.57097244262701], [-61.78319549560547, 17.57097244262701], [-61.78319549560547, 17.5712509155274], [-61.78347396850586, 17.5712509155274], [-61.78347396850586, 17.571525573730412], [-61.783748626708984, 17.571525573730412], [-61.783748626708984, 17.571807861328182], [-61.784584045410156, 17.571807861328182], [-61.784584045410156, 17.572082519531364], [-61.785415649414006, 17.572082519531364], [-61.785415649414006, 17.572360992431754], [-61.785694122314396, 17.572360992431754], [-61.785694122314396, 17.572639465332145], [-61.78736114501953, 17.572639465332145], [-61.78736114501953, 17.572082519531364], [-61.78958511352539, 17.572082519531364], [-61.78958511352539, 17.572360992431754], [-61.790138244628906, 17.572360992431754], [-61.790138244628906, 17.572639465332145], [-61.79208374023432, 17.572639465332145], [-61.79208374023432, 17.572917938232536], [-61.795139312744084, 17.572917938232536], [-61.795139312744084, 17.573472976684684], [-61.795417785644474, 17.573472976684684], [-61.795417785644474, 17.573749542236328], [-61.795696258544865, 17.573749542236328], [-61.795696258544865, 17.574029922485465], [-61.79624938964844, 17.574029922485465], [-61.79624938964844, 17.574306488037053], [-61.79652786254883, 17.574306488037053], [-61.79652786254883, 17.574583053588867], [-61.79708480834961, 17.574583053588867], [-61.79708480834961, 17.574861526489258], [-61.79819488525385, 17.574861526489258], [-61.79819488525385, 17.575138092041072], [-61.79847335815424, 17.575138092041072], [-61.79847335815424, 17.575416564941406], [-61.79875183105463, 17.575416564941406], [-61.79875183105463, 17.575695037841797], [-61.7993049621582, 17.575695037841797], [-61.7993049621582, 17.576250076294002], [-61.799583435058594, 17.576250076294002], [-61.799583435058594, 17.576528549194393], [-61.799861907958984, 17.576528549194393], [-61.799861907958984, 17.57680511474615], [-61.800140380859375, 17.57680511474615], [-61.800140380859375, 17.57708358764654], [-61.8004150390625, 17.57708358764654], [-61.8004150390625, 17.577360153198356], [-61.80069351196278, 17.577360153198356], [-61.80069351196278, 17.577638626098746], [-61.800971984863224, 17.577638626098746], [-61.800971984863224, 17.577917098999137], [-61.801250457763615, 17.577917098999137], [-61.801250457763615, 17.578472137451286], [-61.801528930664006, 17.578472137451286], [-61.801528930664006, 17.578750610351676], [-61.801807403564396, 17.578750610351676], [-61.801807403564396, 17.579305648803654], [-61.80208206176758, 17.579305648803654], [-61.80208206176758, 17.57958221435547], [-61.80236053466797, 17.57958221435547], [-61.80236053466797, 17.57986068725586], [-61.80263900756836, 17.57986068725586], [-61.80263900756836, 17.58013916015625], [-61.80319595336914, 17.58013916015625], [-61.80319595336914, 17.580692291259822], [-61.803749084472656, 17.580692291259822], [-61.803749084472656, 17.58097267150879], [-61.80430603027338, 17.58097267150879], [-61.80430603027338, 17.581249237060604], [-61.80458450317377, 17.581249237060604], [-61.80458450317377, 17.581527709960994], [-61.80513763427729, 17.581527709960994], [-61.80513763427729, 17.581804275512752], [-61.805973052978516, 17.581804275512752], [-61.805973052978516, 17.582082748413143], [-61.80652618408203, 17.582082748413143], [-61.80652618408203, 17.582361221313533], [-61.8070831298827, 17.582361221313533], [-61.8070831298827, 17.582639694213924], [-61.80791854858393, 17.582639694213924], [-61.80791854858393, 17.582914352417106], [-61.80819320678705, 17.582914352417106], [-61.80819320678705, 17.583196640014705], [-61.80875015258789, 17.583196640014705], [-61.80875015258789, 17.583471298217887], [-61.8095817565918, 17.583471298217887], [-61.8095817565918, 17.583749771118278], [-61.80986022949219, 17.583749771118278], [-61.80986022949219, 17.584026336669865], [-61.81097412109369, 17.584026336669865], [-61.81097412109369, 17.58430671691906], [-61.81152725219721, 17.58430671691906], [-61.81152725219721, 17.584583282470817], [-61.81208419799805, 17.584583282470817], [-61.81208419799805, 17.584861755371207], [-61.81236267089844, 17.584861755371207], [-61.81236267089844, 17.58513641357422], [-61.81263732910156, 17.58513641357422], [-61.81263732910156, 17.58541870117199], [-61.813194274902344, 17.58541870117199], [-61.813194274902344, 17.585695266723576], [-61.81347274780262, 17.585695266723576], [-61.81347274780262, 17.58597183227539], [-61.81375122070307, 17.58597183227539], [-61.81375122070307, 17.58625030517578], [-61.81402587890619, 17.58625030517578], [-61.81402587890619, 17.586528778076172], [-61.814304351806584, 17.586528778076172], [-61.814304351806584, 17.58680534362793], [-61.814582824706974, 17.58680534362793], [-61.814582824706974, 17.587360382080135], [-61.81486129760742, 17.587360382080135], [-61.81486129760742, 17.5876407623291], [-61.81513977050781, 17.5876407623291], [-61.81513977050781, 17.587917327880916], [-61.81624984741211, 17.587917327880916], [-61.81624984741211, 17.588193893432674], [-61.81680679321278, 17.588193893432674], [-61.81680679321278, 17.588472366333065], [-61.81763839721674, 17.588472366333065], [-61.81763839721674, 17.588750839233455], [-61.81819534301758, 17.588750839233455], [-61.81819534301758, 17.58902740478527], [-61.81847381591797, 17.58902740478527], [-61.81847381591797, 17.58958244323742], [-61.818748474121094, 17.58958244323742], [-61.818748474121094, 17.5901393890382], [-61.819026947021484, 17.5901393890382], [-61.819026947021484, 17.590694427490178], [-61.819583892822266, 17.590694427490178], [-61.819583892822266, 17.59097290039074], [-61.820415496826115, 17.59097290039074], [-61.820415496826115, 17.590415954589787], [-61.820693969726506, 17.590415954589787], [-61.820693969726506, 17.58986091613781], [-61.820972442626896, 17.58986091613781], [-61.820972442626896, 17.589305877685604], [-61.821250915527344, 17.589305877685604], [-61.821250915527344, 17.58902740478527], [-61.82236099243164, 17.58902740478527], [-61.82236099243164, 17.58958244323742], [-61.82208251953125, 17.58958244323742], [-61.82208251953125, 17.5901393890382], [-61.82180404663086, 17.5901393890382], [-61.82180404663086, 17.590694427490178], [-61.821529388427734, 17.590694427490178], [-61.821529388427734, 17.591527938842773], [-61.82180404663086, 17.591527938842773], [-61.82180404663086, 17.591806411743107], [-61.82236099243164, 17.591806411743107], [-61.82236099243164, 17.591527938842773], [-61.82263946533203, 17.591527938842773], [-61.82263946533203, 17.591249465942383], [-61.82430648803705, 17.591249465942383], [-61.82430648803705, 17.591806411743107], [-61.8245849609375, 17.591806411743107], [-61.8245849609375, 17.592081069946346], [-61.824859619140625, 17.592081069946346], [-61.824859619140625, 17.592361450195312], [-61.82597351074219, 17.592361450195312], [-61.82597351074219, 17.592638015747127], [-61.82680511474604, 17.592638015747127], [-61.82680511474604, 17.59291648864746], [-61.82791519165039, 17.59291648864746], [-61.82791519165039, 17.593193054199276], [-61.82847213745117, 17.593193054199276], [-61.82847213745117, 17.593471527099666], [-61.82902908325195, 17.593471527099666], [-61.82902908325195, 17.593750000000057], [-61.830970764160156, 17.593750000000057], [-61.830970764160156, 17.593471527099666], [-61.83291625976557, 17.593471527099666], [-61.83291625976557, 17.593193054199276], [-61.834861755371094, 17.593193054199276], [-61.834861755371094, 17.59291648864746], [-61.835693359374886, 17.59291648864746], [-61.835693359374886, 17.592638015747127], [-61.836250305175724, 17.592638015747127], [-61.836250305175724, 17.592361450195312], [-61.83708190917969, 17.592361450195312], [-61.83708190917969, 17.592081069946346], [-61.83763885498047, 17.592081069946346], [-61.83763885498047, 17.591806411743107], [-61.838470458984375, 17.591806411743107], [-61.838470458984375, 17.591527938842773], [-61.838748931884766, 17.591527938842773], [-61.838748931884766, 17.591249465942383], [-61.83930587768549, 17.591249465942383], [-61.83930587768549, 17.59097290039074], [-61.83958435058588, 17.59097290039074], [-61.83958435058588, 17.590694427490178], [-61.83986282348627, 17.590694427490178], [-61.83986282348627, 17.5901393890382], [-61.840137481689396, 17.5901393890382], [-61.840137481689396, 17.58986091613781], [-61.840415954589844, 17.58986091613781], [-61.840415954589844, 17.58958244323742], [-61.840972900390625, 17.58958244323742], [-61.840972900390625, 17.589305877685604], [-61.84180450439453, 17.589305877685604], [-61.84180450439453, 17.58902740478527], [-61.842639923095646, 17.58902740478527], [-61.842639923095646, 17.588750839233455], [-61.84319305419916, 17.588750839233455], [-61.84319305419916, 17.588472366333065], [-61.84402847290039, 17.588472366333065], [-61.84402847290039, 17.588193893432674], [-61.8448600769043, 17.588193893432674], [-61.8448600769043, 17.587917327880916], [-61.84513854980469, 17.587917327880916], [-61.84513854980469, 17.5876407623291], [-61.845417022704964, 17.5876407623291], [-61.845417022704964, 17.58680534362793], [-61.84624862670893, 17.58680534362793], [-61.84624862670893, 17.586528778076172], [-61.847084045410156, 17.586528778076172], [-61.847084045410156, 17.58625030517578], [-61.84791564941406, 17.58625030517578], [-61.84791564941406, 17.58597183227539], [-61.84819412231445, 17.58597183227539], [-61.84819412231445, 17.585695266723576], [-61.84902954101557, 17.585695266723576], [-61.84902954101557, 17.58541870117199], [-61.849582672119084, 17.58541870117199], [-61.849582672119084, 17.58513641357422], [-61.85041809082031, 17.58513641357422], [-61.85041809082031, 17.584861755371207], [-61.85097122192383, 17.584861755371207], [-61.85097122192383, 17.584583282470817], [-61.85124969482422, 17.584583282470817], [-61.85124969482422, 17.58430671691906], [-61.85152816772461, 17.58430671691906], [-61.85152816772461, 17.584026336669865], [-61.851806640624886, 17.584026336669865], [-61.851806640624886, 17.583749771118278], [-61.852085113525334, 17.583749771118278], [-61.852085113525334, 17.583471298217887], [-61.85263824462885, 17.583471298217887], [-61.85263824462885, 17.582914352417106], [-61.85291671752924, 17.582914352417106], [-61.85291671752924, 17.582639694213924], [-61.85319519042969, 17.582639694213924], [-61.85319519042969, 17.582361221313533], [-61.8537483215332, 17.582361221313533], [-61.8537483215332, 17.582082748413143], [-61.854305267333984, 17.582082748413143], [-61.854305267333984, 17.581804275512752], [-61.854583740234375, 17.581804275512752], [-61.854583740234375, 17.581527709960994], [-61.8551406860351, 17.581527709960994], [-61.8551406860351, 17.581249237060604], [-61.855693817138615, 17.581249237060604], [-61.855693817138615, 17.58097267150879], [-61.856529235839844, 17.58097267150879], [-61.856529235839844, 17.580692291259822], [-61.85680389404297, 17.580692291259822], [-61.85680389404297, 17.580415725708008], [-61.85791778564453, 17.580415725708008], [-61.85791778564453, 17.580692291259822], [-61.85847091674799, 17.580692291259822], [-61.85847091674799, 17.58097267150879], [-61.85902786254877, 17.58097267150879], [-61.85902786254877, 17.581249237060604], [-61.85930633544916, 17.581249237060604], [-61.85930633544916, 17.581527709960994], [-61.85958480834961, 17.581527709960994], [-61.85958480834961, 17.582082748413143], [-61.859859466552734, 17.582082748413143], [-61.859859466552734, 17.582914352417106], [-61.860137939453125, 17.582914352417106], [-61.860137939453125, 17.583471298217887], [-61.860416412353516, 17.583471298217887], [-61.860416412353516, 17.584026336669865], [-61.860694885253906, 17.584026336669865], [-61.860694885253906, 17.584583282470817], [-61.8609733581543, 17.584583282470817], [-61.8609733581543, 17.58541870117199], [-61.860694885253906, 17.58541870117199], [-61.860694885253906, 17.58680534362793], [-61.860416412353516, 17.58680534362793], [-61.860416412353516, 17.588750839233455], [-61.860137939453125, 17.588750839233455], [-61.860137939453125, 17.589305877685604], [-61.859859466552734, 17.589305877685604], [-61.859859466552734, 17.59097290039074], [-61.85958480834961, 17.59097290039074], [-61.85958480834961, 17.592361450195312], [-61.85930633544916, 17.592361450195312], [-61.85930633544916, 17.59291648864746], [-61.85902786254877, 17.59291648864746], [-61.85902786254877, 17.593750000000057], [-61.85874938964838, 17.593750000000057], [-61.85874938964838, 17.594863891601562], [-61.85847091674799, 17.594863891601562], [-61.85847091674799, 17.59569358825695], [-61.85819625854481, 17.59569358825695], [-61.85819625854481, 17.59597206115734], [-61.85791778564453, 17.59597206115734], [-61.85791778564453, 17.596525192260742], [-61.85763931274414, 17.596525192260742], [-61.85763931274414, 17.597360610961914], [-61.85736083984375, 17.597360610961914], [-61.85736083984375, 17.597917556762695], [-61.85708236694336, 17.597917556762695], [-61.85708236694336, 17.598747253418026], [-61.85680389404297, 17.598747253418026], [-61.85680389404297, 17.599582672119197], [-61.856529235839844, 17.599582672119197], [-61.856529235839844, 17.60013961791998], [-61.85625076293945, 17.60013961791998], [-61.85625076293945, 17.600973129272518], [-61.855972290039006, 17.600973129272518], [-61.855972290039006, 17.601528167724723], [-61.855693817138615, 17.601528167724723], [-61.855693817138615, 17.60208320617687], [-61.855415344238224, 17.60208320617687], [-61.855415344238224, 17.602638244628906], [-61.8551406860351, 17.602638244628906], [-61.8551406860351, 17.603750228881836], [-61.85486221313465, 17.603750228881836], [-61.85486221313465, 17.604028701782227], [-61.854583740234375, 17.604028701782227], [-61.854583740234375, 17.60569381713873], [-61.854305267333984, 17.60569381713873], [-61.854305267333984, 17.606527328491325], [-61.854026794433594, 17.606527328491325], [-61.854026794433594, 17.607360839843864], [-61.8537483215332, 17.607360839843864], [-61.8537483215332, 17.60791587829584], [-61.85347366333008, 17.60791587829584], [-61.85347366333008, 17.608194351196232], [-61.85319519042969, 17.608194351196232], [-61.85319519042969, 17.608749389648438], [-61.85291671752924, 17.608749389648438], [-61.85291671752924, 17.609582901000977], [-61.85263824462885, 17.609582901000977], [-61.85263824462885, 17.61041450500494], [-61.85235977172846, 17.61041450500494], [-61.85235977172846, 17.612918853759822], [-61.852085113525334, 17.612918853759822], [-61.852085113525334, 17.614028930664176], [-61.851806640624886, 17.614028930664176], [-61.851806640624886, 17.614583969116154], [-61.85097122192383, 17.614583969116154], [-61.85097122192383, 17.614305496215763], [-61.85069274902344, 17.614305496215763], [-61.85069274902344, 17.614028930664176], [-61.85013961791992, 17.614028930664176], [-61.85013961791992, 17.61097145080572], [-61.85041809082031, 17.61097145080572], [-61.85041809082031, 17.61069679260254], [-61.85069274902344, 17.61069679260254], [-61.85069274902344, 17.61041450500494], [-61.85097122192383, 17.61041450500494], [-61.85097122192383, 17.610137939453182], [-61.85041809082031, 17.610137939453182], [-61.85041809082031, 17.609861373901367], [-61.85013961791992, 17.609861373901367], [-61.85013961791992, 17.609582901000977], [-61.84930419921869, 17.609582901000977], [-61.84930419921869, 17.609027862548828], [-61.84624862670893, 17.609027862548828], [-61.84624862670893, 17.609304428100586]]], [[[-61.862640380859375, 17.682916641235465], [-61.862640380859375, 17.682638168335075], [-61.86208343505854, 17.682638168335075], [-61.86208343505854, 17.68236160278326], [-61.861804962158146, 17.68236160278326], [-61.861804962158146, 17.68208312988287], [-61.8609733581543, 17.68208312988287], [-61.8609733581543, 17.68180465698248], [-61.860416412353516, 17.68180465698248], [-61.860416412353516, 17.680416107177734], [-61.861251831054574, 17.680416107177734], [-61.861251831054574, 17.680139541625977], [-61.861526489257756, 17.680139541625977], [-61.861526489257756, 17.679861068725586], [-61.86208343505854, 17.679861068725586], [-61.86208343505854, 17.680139541625977], [-61.86236190795893, 17.680139541625977], [-61.86236190795893, 17.680416107177734], [-61.8629150390625, 17.680416107177734], [-61.8629150390625, 17.680694580078125], [-61.86458206176752, 17.680694580078125], [-61.86458206176752, 17.68124961853033], [-61.86541748046869, 17.68124961853033], [-61.86541748046869, 17.68180465698248], [-61.865970611572266, 17.68180465698248], [-61.865970611572266, 17.68236160278326], [-61.866249084472656, 17.68236160278326], [-61.866249084472656, 17.682916641235465], [-61.86652755737305, 17.682916641235465], [-61.86652755737305, 17.6831951141358], [-61.86680603027344, 17.6831951141358], [-61.86680603027344, 17.684028625488395], [-61.86708450317383, 17.684028625488395], [-61.86708450317383, 17.684860229492188], [-61.86736297607422, 17.684860229492188], [-61.86736297607422, 17.68541717529297], [-61.86763763427723, 17.68541717529297], [-61.86763763427723, 17.685972213745117], [-61.86791610717768, 17.685972213745117], [-61.86791610717768, 17.68736076354986], [-61.86763763427723, 17.68736076354986], [-61.86763763427723, 17.6881942749024], [-61.86791610717768, 17.6881942749024], [-61.86791610717768, 17.689582824707145], [-61.86819458007807, 17.689582824707145], [-61.86819458007807, 17.690139770507926], [-61.86847305297846, 17.690139770507926], [-61.86847305297846, 17.69124984741211], [-61.86875152587885, 17.69124984741211], [-61.86875152587885, 17.69180679321289], [-61.86902618408203, 17.69180679321289], [-61.86902618408203, 17.69208335876465], [-61.86930465698242, 17.69208335876465], [-61.86930465698242, 17.69236183166504], [-61.8698616027832, 17.69236183166504], [-61.8698616027832, 17.69263648986822], [-61.870418548583984, 17.69263648986822], [-61.870418548583984, 17.693750381469783], [-61.870693206786996, 17.693750381469783], [-61.870693206786996, 17.694860458374137], [-61.87097167968744, 17.694860458374137], [-61.87097167968744, 17.695972442627067], [-61.871250152587834, 17.695972442627067], [-61.871250152587834, 17.6965274810791], [-61.871528625488224, 17.6965274810791], [-61.871528625488224, 17.69708251953125], [-61.871807098388615, 17.69708251953125], [-61.871807098388615, 17.697362899780217], [-61.8720817565918, 17.697362899780217], [-61.8720817565918, 17.699028015136776], [-61.8743057250976, 17.699028015136776], [-61.8743057250976, 17.699306488037166], [-61.877918243408146, 17.699306488037166], [-61.877918243408146, 17.699028015136776], [-61.87847137451172, 17.699028015136776], [-61.87847137451172, 17.69708251953125], [-61.87819290161127, 17.69708251953125], [-61.87819290161127, 17.695972442627067], [-61.877918243408146, 17.695972442627067], [-61.877918243408146, 17.695140838623104], [-61.877639770507756, 17.695140838623104], [-61.877639770507756, 17.693471908569393], [-61.877361297607365, 17.693471908569393], [-61.877361297607365, 17.69236183166504], [-61.87708282470692, 17.69236183166504], [-61.87708282470692, 17.69180679321289], [-61.87680435180664, 17.69180679321289], [-61.87680435180664, 17.691526412963867], [-61.87652587890625, 17.691526412963867], [-61.87652587890625, 17.69097137451172], [-61.876251220703125, 17.69097137451172], [-61.876251220703125, 17.690414428710938], [-61.875972747802734, 17.690414428710938], [-61.875972747802734, 17.689861297607536], [-61.875694274902344, 17.689861297607536], [-61.875694274902344, 17.689027786254996], [-61.87541580200195, 17.689027786254996], [-61.87541580200195, 17.688749313354606], [-61.875137329101506, 17.688749313354606], [-61.875137329101506, 17.68847274780279], [-61.87486267089838, 17.68847274780279], [-61.87486267089838, 17.6881942749024], [-61.87458419799799, 17.6881942749024], [-61.87458419799799, 17.68791580200201], [-61.8743057250976, 17.68791580200201], [-61.8743057250976, 17.687639236450252], [-61.87402725219715, 17.687639236450252], [-61.87402725219715, 17.68736076354986], [-61.873748779296875, 17.68736076354986], [-61.873748779296875, 17.68708229064947], [-61.87347412109375, 17.68708229064947], [-61.87347412109375, 17.686805725097656], [-61.87291717529297, 17.686805725097656], [-61.87291717529297, 17.686527252197322], [-61.87236022949219, 17.686527252197322], [-61.87236022949219, 17.686250686645508], [-61.8720817565918, 17.686250686645508], [-61.8720817565918, 17.685972213745117], [-61.871807098388615, 17.685972213745117], [-61.871807098388615, 17.685693740844727], [-61.871528625488224, 17.685693740844727], [-61.871528625488224, 17.68541717529297], [-61.871250152587834, 17.68541717529297], [-61.871250152587834, 17.684860229492188], [-61.87097167968744, 17.684860229492188], [-61.87097167968744, 17.685138702392578], [-61.870693206786996, 17.685138702392578], [-61.870693206786996, 17.685693740844727], [-61.870418548583984, 17.685693740844727], [-61.870418548583984, 17.686805725097656], [-61.870140075683594, 17.686805725097656], [-61.870140075683594, 17.68736076354986], [-61.8698616027832, 17.68736076354986], [-61.8698616027832, 17.68847274780279], [-61.86958312988281, 17.68847274780279], [-61.86958312988281, 17.689027786254996], [-61.86930465698242, 17.689027786254996], [-61.86930465698242, 17.689304351806584], [-61.86847305297846, 17.689304351806584], [-61.86847305297846, 17.688749313354606], [-61.86875152587885, 17.688749313354606], [-61.86875152587885, 17.68791580200201], [-61.86902618408203, 17.68791580200201], [-61.86902618408203, 17.68708229064947], [-61.86930465698242, 17.68708229064947], [-61.86930465698242, 17.686527252197322], [-61.86958312988281, 17.686527252197322], [-61.86958312988281, 17.684860229492188], [-61.8698616027832, 17.684860229492188], [-61.8698616027832, 17.683471679687614], [-61.86958312988281, 17.683471679687614], [-61.86958312988281, 17.682916641235465], [-61.86930465698242, 17.682916641235465], [-61.86930465698242, 17.682638168335075], [-61.86902618408203, 17.682638168335075], [-61.86902618408203, 17.68236160278326], [-61.86875152587885, 17.68236160278326], [-61.86875152587885, 17.68208312988287], [-61.86819458007807, 17.68208312988287], [-61.86819458007807, 17.68180465698248], [-61.86791610717768, 17.68180465698248], [-61.86791610717768, 17.68236160278326], [-61.86680603027344, 17.68236160278326], [-61.86680603027344, 17.68152809143072], [-61.86652755737305, 17.68152809143072], [-61.86652755737305, 17.68124961853033], [-61.866249084472656, 17.68124961853033], [-61.866249084472656, 17.680694580078125], [-61.865970611572266, 17.680694580078125], [-61.865970611572266, 17.680416107177734], [-61.86458206176752, 17.680416107177734], [-61.86458206176752, 17.679861068725586], [-61.86430740356445, 17.679861068725586], [-61.86430740356445, 17.679582595825195], [-61.86319351196289, 17.679582595825195], [-61.86319351196289, 17.679307937622184], [-61.8629150390625, 17.679307937622184], [-61.8629150390625, 17.679025650024414], [-61.862640380859375, 17.679025650024414], [-61.862640380859375, 17.678747177124023], [-61.86236190795893, 17.678747177124023], [-61.86236190795893, 17.678472518921012], [-61.86208343505854, 17.678472518921012], [-61.86208343505854, 17.678195953369254], [-61.86236190795893, 17.678195953369254], [-61.86236190795893, 17.67763710021967], [-61.862640380859375, 17.67763710021967], [-61.862640380859375, 17.6770858764649], [-61.8629150390625, 17.6770858764649], [-61.8629150390625, 17.6751384735108], [-61.862640380859375, 17.6751384735108], [-61.862640380859375, 17.674583435058594], [-61.86236190795893, 17.674583435058594], [-61.86236190795893, 17.674028396606445], [-61.86208343505854, 17.674028396606445], [-61.86208343505854, 17.673471450805664], [-61.861526489257756, 17.673471450805664], [-61.861526489257756, 17.67291641235346], [-61.861251831054574, 17.67291641235346], [-61.861251831054574, 17.672637939453125], [-61.8609733581543, 17.672637939453125], [-61.8609733581543, 17.67236137390148], [-61.860416412353516, 17.67236137390148], [-61.860416412353516, 17.67208290100109], [-61.859859466552734, 17.67208290100109], [-61.859859466552734, 17.67236137390148], [-61.85819625854481, 17.67236137390148], [-61.85819625854481, 17.670415878295955], [-61.85902786254877, 17.670415878295955], [-61.85902786254877, 17.665695190429744], [-61.85874938964838, 17.665695190429744], [-61.85874938964838, 17.665418624877987], [-61.85847091674799, 17.665418624877987], [-61.85847091674799, 17.665136337280217], [-61.85819625854481, 17.665136337280217], [-61.85819625854481, 17.664861679077205], [-61.85791778564453, 17.664861679077205], [-61.85791778564453, 17.664583206176815], [-61.85708236694336, 17.664583206176815], [-61.85708236694336, 17.662914276123104], [-61.85736083984375, 17.662914276123104], [-61.85736083984375, 17.66236114501953], [-61.85708236694336, 17.66236114501953], [-61.85708236694336, 17.66208267211914], [-61.85680389404297, 17.66208267211914], [-61.85680389404297, 17.66180419921875], [-61.856529235839844, 17.66180419921875], [-61.856529235839844, 17.661527633666992], [-61.85625076293945, 17.661527633666992], [-61.85625076293945, 17.6612491607666], [-61.855693817138615, 17.6612491607666], [-61.855693817138615, 17.660972595214957], [-61.855415344238224, 17.660972595214957], [-61.855415344238224, 17.66069221496582], [-61.8551406860351, 17.66069221496582], [-61.8551406860351, 17.66013908386242], [-61.85486221313465, 17.66013908386242], [-61.85486221313465, 17.659860610962028], [-61.854305267333984, 17.659860610962028], [-61.854305267333984, 17.659582138061637], [-61.85347366333008, 17.659582138061637], [-61.85347366333008, 17.659305572509822], [-61.85319519042969, 17.659305572509822], [-61.85319519042969, 17.658472061157283], [-61.85291671752924, 17.658472061157283], [-61.85291671752924, 17.657917022705135], [-61.85263824462885, 17.657917022705135], [-61.85263824462885, 17.657638549804744], [-61.85235977172846, 17.657638549804744], [-61.85235977172846, 17.657917022705135], [-61.852085113525334, 17.657917022705135], [-61.852085113525334, 17.658193588256893], [-61.85124969482422, 17.658193588256893], [-61.85124969482422, 17.657917022705135], [-61.85097122192383, 17.657917022705135], [-61.85097122192383, 17.657638549804744], [-61.85124969482422, 17.657638549804744], [-61.85124969482422, 17.65680503845215], [-61.85152816772461, 17.65680503845215], [-61.85152816772461, 17.65652847290039], [-61.851806640624886, 17.65652847290039], [-61.851806640624886, 17.656251907348746], [-61.852085113525334, 17.656251907348746], [-61.852085113525334, 17.655694961547795], [-61.85235977172846, 17.655694961547795], [-61.85235977172846, 17.655416488647404], [-61.85263824462885, 17.655416488647404], [-61.85263824462885, 17.654861450195426], [-61.85291671752924, 17.654861450195426], [-61.85291671752924, 17.654029846191463], [-61.85319519042969, 17.654029846191463], [-61.85319519042969, 17.650415420532227], [-61.85291671752924, 17.650415420532227], [-61.85291671752924, 17.648750305175895], [-61.85263824462885, 17.648750305175895], [-61.85263824462885, 17.64708328247076], [-61.85235977172846, 17.64708328247076], [-61.85235977172846, 17.645416259765625], [-61.85319519042969, 17.645416259765625], [-61.85319519042969, 17.64597129821783], [-61.85347366333008, 17.64597129821783], [-61.85347366333008, 17.64680480957037], [-61.8537483215332, 17.64680480957037], [-61.8537483215332, 17.647916793823356], [-61.854026794433594, 17.647916793823356], [-61.854026794433594, 17.649585723877067], [-61.854305267333984, 17.649585723877067], [-61.854305267333984, 17.650972366333008], [-61.854583740234375, 17.650972366333008], [-61.854583740234375, 17.65180778503418], [-61.85486221313465, 17.65180778503418], [-61.85486221313465, 17.652917861938533], [-61.8551406860351, 17.652917861938533], [-61.8551406860351, 17.653749465942496], [-61.855415344238224, 17.653749465942496], [-61.855415344238224, 17.654582977295036], [-61.855693817138615, 17.654582977295036], [-61.855693817138615, 17.655139923095817], [-61.855972290039006, 17.655139923095817], [-61.855972290039006, 17.65597152709961], [-61.85625076293945, 17.65597152709961], [-61.85625076293945, 17.656251907348746], [-61.856529235839844, 17.656251907348746], [-61.856529235839844, 17.65708351135254], [-61.85680389404297, 17.65708351135254], [-61.85680389404297, 17.657360076904354], [-61.85708236694336, 17.657360076904354], [-61.85708236694336, 17.658193588256893], [-61.85736083984375, 17.658193588256893], [-61.85736083984375, 17.658750534057674], [-61.85763931274414, 17.658750534057674], [-61.85763931274414, 17.65902709960949], [-61.85791778564453, 17.65902709960949], [-61.85791778564453, 17.659860610962028], [-61.85819625854481, 17.659860610962028], [-61.85819625854481, 17.66013908386242], [-61.85847091674799, 17.66013908386242], [-61.85847091674799, 17.66041755676281], [-61.85874938964838, 17.66041755676281], [-61.85874938964838, 17.66069221496582], [-61.85902786254877, 17.66069221496582], [-61.85902786254877, 17.660972595214957], [-61.85930633544916, 17.660972595214957], [-61.85930633544916, 17.6612491607666], [-61.859859466552734, 17.6612491607666], [-61.859859466552734, 17.661527633666992], [-61.860416412353516, 17.661527633666992], [-61.860416412353516, 17.66180419921875], [-61.8609733581543, 17.66180419921875], [-61.8609733581543, 17.66208267211914], [-61.861251831054574, 17.66208267211914], [-61.861251831054574, 17.66236114501953], [-61.861804962158146, 17.66236114501953], [-61.861804962158146, 17.662914276123104], [-61.86236190795893, 17.662914276123104], [-61.86236190795893, 17.663196563720703], [-61.862640380859375, 17.663196563720703], [-61.862640380859375, 17.66347312927246], [-61.8629150390625, 17.66347312927246], [-61.8629150390625, 17.663749694824276], [-61.86319351196289, 17.663749694824276], [-61.86319351196289, 17.664026260376033], [-61.86347198486328, 17.664026260376033], [-61.86347198486328, 17.664583206176815], [-61.86375045776367, 17.664583206176815], [-61.86375045776367, 17.664861679077205], [-61.86402893066406, 17.664861679077205], [-61.86402893066406, 17.665418624877987], [-61.86430740356445, 17.665418624877987], [-61.86430740356445, 17.665695190429744], [-61.86458206176752, 17.665695190429744], [-61.86458206176752, 17.66652870178234], [-61.86486053466791, 17.66652870178234], [-61.86486053466791, 17.66764068603527], [-61.8651390075683, 17.66764068603527], [-61.8651390075683, 17.669027328491268], [-61.86541748046869, 17.669027328491268], [-61.86541748046869, 17.671806335449332], [-61.865695953369084, 17.671806335449332], [-61.865695953369084, 17.67291641235346], [-61.865970611572266, 17.67291641235346], [-61.865970611572266, 17.673749923706055], [-61.866249084472656, 17.673749923706055], [-61.866249084472656, 17.674861907958984], [-61.86652755737305, 17.674861907958984], [-61.86652755737305, 17.675693511962947], [-61.86680603027344, 17.675693511962947], [-61.86680603027344, 17.675971984863338], [-61.86708450317383, 17.675971984863338], [-61.86708450317383, 17.67680740356451], [-61.86736297607422, 17.67680740356451], [-61.86736297607422, 17.677360534668082], [-61.86763763427723, 17.677360534668082], [-61.86763763427723, 17.678195953369254], [-61.86791610717768, 17.678195953369254], [-61.86791610717768, 17.678472518921012], [-61.86819458007807, 17.678472518921012], [-61.86819458007807, 17.679307937622184], [-61.86847305297846, 17.679307937622184], [-61.86847305297846, 17.679861068725586], [-61.86875152587885, 17.679861068725586], [-61.86875152587885, 17.680416107177734], [-61.86902618408203, 17.680416107177734], [-61.86902618408203, 17.680973052978516], [-61.86930465698242, 17.680973052978516], [-61.86930465698242, 17.68124961853033], [-61.86958312988281, 17.68124961853033], [-61.86958312988281, 17.68152809143072], [-61.8698616027832, 17.68152809143072], [-61.8698616027832, 17.68180465698248], [-61.870140075683594, 17.68180465698248], [-61.870140075683594, 17.68208312988287], [-61.870418548583984, 17.68208312988287], [-61.870418548583984, 17.68236160278326], [-61.870693206786996, 17.68236160278326], [-61.870693206786996, 17.682638168335075], [-61.87097167968744, 17.682638168335075], [-61.87097167968744, 17.682916641235465], [-61.871250152587834, 17.682916641235465], [-61.871250152587834, 17.6831951141358], [-61.871528625488224, 17.6831951141358], [-61.871528625488224, 17.683750152588004], [-61.871807098388615, 17.683750152588004], [-61.871807098388615, 17.684028625488395], [-61.8720817565918, 17.684028625488395], [-61.8720817565918, 17.684583663940373], [-61.87236022949219, 17.684583663940373], [-61.87236022949219, 17.684860229492188], [-61.87263870239258, 17.684860229492188], [-61.87263870239258, 17.685138702392578], [-61.87291717529297, 17.685138702392578], [-61.87291717529297, 17.68541717529297], [-61.87347412109375, 17.68541717529297], [-61.87347412109375, 17.685972213745117], [-61.873748779296875, 17.685972213745117], [-61.873748779296875, 17.686250686645508], [-61.8743057250976, 17.686250686645508], [-61.8743057250976, 17.686527252197322], [-61.87458419799799, 17.686527252197322], [-61.87458419799799, 17.686805725097656], [-61.875137329101506, 17.686805725097656], [-61.875137329101506, 17.68708229064947], [-61.87541580200195, 17.68708229064947], [-61.87541580200195, 17.68736076354986], [-61.875972747802734, 17.68736076354986], [-61.875972747802734, 17.687639236450252], [-61.87652587890625, 17.687639236450252], [-61.87652587890625, 17.68791580200201], [-61.87680435180664, 17.68791580200201], [-61.87680435180664, 17.6881942749024], [-61.87708282470692, 17.6881942749024], [-61.87708282470692, 17.68847274780279], [-61.877361297607365, 17.68847274780279], [-61.877361297607365, 17.688749313354606], [-61.877639770507756, 17.688749313354606], [-61.877639770507756, 17.689304351806584], [-61.877918243408146, 17.689304351806584], [-61.877918243408146, 17.689582824707145], [-61.87819290161127, 17.689582824707145], [-61.87819290161127, 17.689861297607536], [-61.87874984741211, 17.689861297607536], [-61.87874984741211, 17.690139770507926], [-61.879581451416016, 17.690139770507926], [-61.879581451416016, 17.690414428710938], [-61.879859924316406, 17.690414428710938], [-61.879859924316406, 17.690696716308707], [-61.880416870117074, 17.690696716308707], [-61.880416870117074, 17.69097137451172], [-61.88069534301752, 17.69097137451172], [-61.88069534301752, 17.69124984741211], [-61.88097381591791, 17.69124984741211], [-61.88097381591791, 17.691526412963867], [-61.88124847412104, 17.691526412963867], [-61.88124847412104, 17.69180679321289], [-61.881805419921875, 17.69180679321289], [-61.881805419921875, 17.69208335876465], [-61.882083892822266, 17.69208335876465], [-61.882083892822266, 17.69236183166504], [-61.88263702392578, 17.69236183166504], [-61.88263702392578, 17.69263648986822], [-61.88291549682617, 17.69263648986822], [-61.88291549682617, 17.69291877746582], [-61.88347244262684, 17.69291877746582], [-61.88347244262684, 17.693195343017578], [-61.88375091552729, 17.693195343017578], [-61.88375091552729, 17.693471908569393], [-61.8843040466308, 17.693471908569393], [-61.8843040466308, 17.693750381469783], [-61.88486099243164, 17.693750381469783], [-61.88486099243164, 17.694028854370174], [-61.88513946533203, 17.694028854370174], [-61.88513946533203, 17.694305419921932], [-61.88541793823242, 17.694305419921932], [-61.88541793823242, 17.694583892822322], [-61.88569259643555, 17.694583892822322], [-61.88569259643555, 17.694860458374137], [-61.88597106933594, 17.694860458374137], [-61.88597106933594, 17.695693969726506], [-61.88624954223633, 17.695693969726506], [-61.88624954223633, 17.696805953979435], [-61.88652801513672, 17.696805953979435], [-61.88652801513672, 17.69708251953125], [-61.88624954223633, 17.69708251953125], [-61.88624954223633, 17.69763946533203], [-61.88597106933594, 17.69763946533203], [-61.88597106933594, 17.69791603088379], [-61.88569259643555, 17.69791603088379], [-61.88569259643555, 17.69819450378418], [-61.88541793823242, 17.69819450378418], [-61.88541793823242, 17.698471069335994], [-61.88513946533203, 17.698471069335994], [-61.88513946533203, 17.698749542236385], [-61.88486099243164, 17.698749542236385], [-61.88486099243164, 17.699028015136776], [-61.88458251953119, 17.699028015136776], [-61.88458251953119, 17.699306488037166], [-61.8843040466308, 17.699306488037166], [-61.8843040466308, 17.699581146240348], [-61.88402938842768, 17.699581146240348], [-61.88402938842768, 17.699861526489315], [-61.88375091552729, 17.699861526489315], [-61.88375091552729, 17.70013809204113], [-61.88347244262684, 17.70013809204113], [-61.88347244262684, 17.70041656494152], [-61.88291549682617, 17.70041656494152], [-61.88291549682617, 17.700693130493278], [-61.881805419921875, 17.700693130493278], [-61.881805419921875, 17.70125007629406], [-61.88124847412104, 17.70125007629406], [-61.88124847412104, 17.70152854919445], [-61.88069534301752, 17.70152854919445], [-61.88069534301752, 17.70180320739746], [-61.880416870117074, 17.70180320739746], [-61.880416870117074, 17.702083587646428], [-61.879859924316406, 17.702083587646428], [-61.879859924316406, 17.70236206054699], [-61.879581451416016, 17.70236206054699], [-61.879581451416016, 17.70291519165039], [-61.8790283203125, 17.70291519165039], [-61.8790283203125, 17.70319366455078], [-61.87874984741211, 17.70319366455078], [-61.87874984741211, 17.703472137451172], [-61.87819290161127, 17.703472137451172], [-61.87819290161127, 17.703750610351562], [-61.877918243408146, 17.703750610351562], [-61.877918243408146, 17.704307556152344], [-61.877639770507756, 17.704307556152344], [-61.877639770507756, 17.7045841217041], [-61.877361297607365, 17.7045841217041], [-61.877361297607365, 17.704860687255916], [-61.87708282470692, 17.704860687255916], [-61.87708282470692, 17.705417633056697], [-61.87680435180664, 17.705417633056697], [-61.87680435180664, 17.705694198608455], [-61.87652587890625, 17.705694198608455], [-61.87652587890625, 17.706247329711857], [-61.876251220703125, 17.706247329711857], [-61.876251220703125, 17.706529617309627], [-61.875972747802734, 17.706529617309627], [-61.875972747802734, 17.706806182861442], [-61.87541580200195, 17.706806182861442], [-61.87541580200195, 17.70736122131359], [-61.875137329101506, 17.70736122131359], [-61.875137329101506, 17.70763969421398], [-61.87486267089838, 17.70763969421398], [-61.87486267089838, 17.70819473266596], [-61.87458419799799, 17.70819473266596], [-61.87458419799799, 17.709028244018555], [-61.8743057250976, 17.709028244018555], [-61.8743057250976, 17.709583282470703], [-61.87402725219715, 17.709583282470703], [-61.87402725219715, 17.71013832092291], [-61.873748779296875, 17.71013832092291], [-61.873748779296875, 17.710695266723633], [-61.87347412109375, 17.710695266723633], [-61.87347412109375, 17.711250305175838], [-61.87319564819336, 17.711250305175838], [-61.87319564819336, 17.711526870727653], [-61.87291717529297, 17.711526870727653], [-61.87291717529297, 17.712083816528377], [-61.87263870239258, 17.712083816528377], [-61.87263870239258, 17.712360382080192], [-61.87236022949219, 17.712360382080192], [-61.87236022949219, 17.712638854980582], [-61.8720817565918, 17.712638854980582], [-61.8720817565918, 17.712917327880973], [-61.871807098388615, 17.712917327880973], [-61.871807098388615, 17.71347236633312], [-61.871528625488224, 17.71347236633312], [-61.871528625488224, 17.713750839233512], [-61.871250152587834, 17.713750839233512], [-61.871250152587834, 17.71430587768549], [-61.87097167968744, 17.71430587768549], [-61.87097167968744, 17.714582443237305], [-61.870693206786996, 17.714582443237305], [-61.870693206786996, 17.715414047241268], [-61.8698616027832, 17.715414047241268], [-61.8698616027832, 17.715694427490234], [-61.86958312988281, 17.715694427490234], [-61.86958312988281, 17.715972900390625], [-61.86930465698242, 17.715972900390625], [-61.86930465698242, 17.71624946594244], [-61.86791610717768, 17.71624946594244], [-61.86791610717768, 17.715972900390625], [-61.86680603027344, 17.715972900390625], [-61.86680603027344, 17.715694427490234], [-61.866249084472656, 17.715694427490234], [-61.866249084472656, 17.715414047241268], [-61.865695953369084, 17.715414047241268], [-61.865695953369084, 17.715139389038086], [-61.86541748046869, 17.715139389038086], [-61.86541748046869, 17.714860916137695], [-61.86458206176752, 17.714860916137695], [-61.86458206176752, 17.714582443237305], [-61.86430740356445, 17.714582443237305], [-61.86430740356445, 17.71430587768549], [-61.86402893066406, 17.71430587768549], [-61.86402893066406, 17.714027404785156], [-61.86319351196289, 17.714027404785156], [-61.86319351196289, 17.713750839233512], [-61.8629150390625, 17.713750839233512], [-61.8629150390625, 17.712917327880973], [-61.862640380859375, 17.712917327880973], [-61.862640380859375, 17.712360382080192], [-61.8629150390625, 17.712360382080192], [-61.8629150390625, 17.712083816528377], [-61.86319351196289, 17.712083816528377], [-61.86319351196289, 17.711526870727653], [-61.86347198486328, 17.711526870727653], [-61.86347198486328, 17.710971832275447], [-61.86375045776367, 17.710971832275447], [-61.86375045776367, 17.710695266723633], [-61.86402893066406, 17.710695266723633], [-61.86402893066406, 17.709028244018555], [-61.86430740356445, 17.709028244018555], [-61.86430740356445, 17.70763969421398], [-61.86402893066406, 17.70763969421398], [-61.86402893066406, 17.70736122131359], [-61.86375045776367, 17.70736122131359], [-61.86375045776367, 17.706247329711857], [-61.86347198486328, 17.706247329711857], [-61.86347198486328, 17.70513725280773], [-61.86319351196289, 17.70513725280773], [-61.86319351196289, 17.704307556152344], [-61.8629150390625, 17.704307556152344], [-61.8629150390625, 17.703750610351562], [-61.862640380859375, 17.703750610351562], [-61.862640380859375, 17.70319366455078], [-61.86236190795893, 17.70319366455078], [-61.86236190795893, 17.702638626098633], [-61.86208343505854, 17.702638626098633], [-61.86208343505854, 17.70236206054699], [-61.861804962158146, 17.70236206054699], [-61.861804962158146, 17.70125007629406], [-61.861526489257756, 17.70125007629406], [-61.861526489257756, 17.70041656494152], [-61.861251831054574, 17.70041656494152], [-61.861251831054574, 17.70013809204113], [-61.8609733581543, 17.70013809204113], [-61.8609733581543, 17.698471069335994], [-61.861251831054574, 17.698471069335994], [-61.861251831054574, 17.69791603088379], [-61.861526489257756, 17.69791603088379], [-61.861526489257756, 17.697362899780217], [-61.861804962158146, 17.697362899780217], [-61.861804962158146, 17.69708251953125], [-61.86208343505854, 17.69708251953125], [-61.86208343505854, 17.696805953979435], [-61.862640380859375, 17.696805953979435], [-61.862640380859375, 17.696250915527457], [-61.8629150390625, 17.696250915527457], [-61.8629150390625, 17.695693969726506], [-61.86347198486328, 17.695693969726506], [-61.86347198486328, 17.69541740417492], [-61.86375045776367, 17.69541740417492], [-61.86375045776367, 17.695140838623104], [-61.86402893066406, 17.695140838623104], [-61.86402893066406, 17.694860458374137], [-61.86430740356445, 17.694860458374137], [-61.86430740356445, 17.694583892822322], [-61.86458206176752, 17.694583892822322], [-61.86458206176752, 17.694305419921932], [-61.86486053466791, 17.694305419921932], [-61.86486053466791, 17.694028854370174], [-61.8651390075683, 17.694028854370174], [-61.8651390075683, 17.693750381469783], [-61.865695953369084, 17.693750381469783], [-61.865695953369084, 17.693471908569393], [-61.865970611572266, 17.693471908569393], [-61.865970611572266, 17.689861297607536], [-61.866249084472656, 17.689861297607536], [-61.866249084472656, 17.689304351806584], [-61.865970611572266, 17.689304351806584], [-61.865970611572266, 17.68847274780279], [-61.865695953369084, 17.68847274780279], [-61.865695953369084, 17.68736076354986], [-61.86541748046869, 17.68736076354986], [-61.86541748046869, 17.68708229064947], [-61.8651390075683, 17.68708229064947], [-61.8651390075683, 17.686250686645508], [-61.86486053466791, 17.686250686645508], [-61.86486053466791, 17.68541717529297], [-61.86458206176752, 17.68541717529297], [-61.86458206176752, 17.684860229492188], [-61.86430740356445, 17.684860229492188], [-61.86430740356445, 17.684305191039982], [-61.86402893066406, 17.684305191039982], [-61.86402893066406, 17.684028625488395], [-61.86347198486328, 17.684028625488395], [-61.86347198486328, 17.683471679687614], [-61.8629150390625, 17.683471679687614], [-61.8629150390625, 17.682916641235465], [-61.862640380859375, 17.682916641235465]]], [[[-61.834861755371094, 17.671806335449332], [-61.834861755371094, 17.670972824096737], [-61.8345832824707, 17.670972824096737], [-61.8345832824707, 17.670415878295955], [-61.83430480957031, 17.670415878295955], [-61.83430480957031, 17.669584274291992], [-61.83402633666992, 17.669584274291992], [-61.83402633666992, 17.665695190429744], [-61.83430480957031, 17.665695190429744], [-61.83430480957031, 17.665418624877987], [-61.834861755371094, 17.665418624877987], [-61.834861755371094, 17.665695190429744], [-61.835140228271484, 17.665695190429744], [-61.835140228271484, 17.66764068603527], [-61.83541488647461, 17.66764068603527], [-61.83541488647461, 17.667917251586914], [-61.836250305175724, 17.667917251586914], [-61.836250305175724, 17.667360305786133], [-61.836807250976506, 17.667360305786133], [-61.836807250976506, 17.668193817138672], [-61.836528778076115, 17.668193817138672], [-61.836528778076115, 17.669584274291992], [-61.836250305175724, 17.669584274291992], [-61.836250305175724, 17.670415878295955], [-61.836528778076115, 17.670415878295955], [-61.836528778076115, 17.670694351196346], [-61.836807250976506, 17.670694351196346], [-61.836807250976506, 17.67124938964855], [-61.836528778076115, 17.67124938964855], [-61.836528778076115, 17.671527862548942], [-61.835971832275334, 17.671527862548942], [-61.835971832275334, 17.671806335449332], [-61.834861755371094, 17.671806335449332]]], [[[-61.852085113525334, 17.64291572570795], [-61.852085113525334, 17.642639160156364], [-61.851806640624886, 17.642639160156364], [-61.851806640624886, 17.642360687255973], [-61.85152816772461, 17.642360687255973], [-61.85152816772461, 17.641527175903434], [-61.85124969482422, 17.641527175903434], [-61.85124969482422, 17.64097213745123], [-61.85097122192383, 17.64097213745123], [-61.85097122192383, 17.639583587646484], [-61.85069274902344, 17.639583587646484], [-61.85069274902344, 17.638471603393555], [-61.85041809082031, 17.638471603393555], [-61.85041809082031, 17.63708305358898], [-61.85013961791992, 17.63708305358898], [-61.85013961791992, 17.63541412353527], [-61.84986114501953, 17.63541412353527], [-61.84986114501953, 17.634860992431697], [-61.849582672119084, 17.634860992431697], [-61.849582672119084, 17.633750915527344], [-61.84930419921869, 17.633750915527344], [-61.84930419921869, 17.633192062377987], [-61.84902954101557, 17.633192062377987], [-61.84902954101557, 17.63208389282221], [-61.84875106811518, 17.63208389282221], [-61.84875106811518, 17.630695343017635], [-61.84847259521473, 17.630695343017635], [-61.84847259521473, 17.629861831665096], [-61.84819412231445, 17.629861831665096], [-61.84819412231445, 17.62652969360363], [-61.84847259521473, 17.62652969360363], [-61.84847259521473, 17.624584197998104], [-61.84875106811518, 17.624584197998104], [-61.84875106811518, 17.623472213745174], [-61.84902954101557, 17.623472213745174], [-61.84902954101557, 17.622915267944393], [-61.84930419921869, 17.622915267944393], [-61.84930419921869, 17.622360229492244], [-61.849582672119084, 17.622360229492244], [-61.849582672119084, 17.62208366394043], [-61.85013961791992, 17.62208366394043], [-61.85013961791992, 17.623193740844783], [-61.85041809082031, 17.623193740844783], [-61.85041809082031, 17.628751754760742], [-61.85069274902344, 17.628751754760742], [-61.85069274902344, 17.63125038146984], [-61.85097122192383, 17.63125038146984], [-61.85097122192383, 17.632917404174805], [-61.85124969482422, 17.632917404174805], [-61.85124969482422, 17.633750915527344], [-61.85152816772461, 17.633750915527344], [-61.85152816772461, 17.634582519531307], [-61.851806640624886, 17.634582519531307], [-61.851806640624886, 17.635139465332088], [-61.852085113525334, 17.635139465332088], [-61.852085113525334, 17.636249542236442], [-61.85235977172846, 17.636249542236442], [-61.85235977172846, 17.63736152648937], [-61.85263824462885, 17.63736152648937], [-61.85263824462885, 17.638196945190543], [-61.85291671752924, 17.638196945190543], [-61.85291671752924, 17.642639160156364], [-61.85263824462885, 17.642639160156364], [-61.85263824462885, 17.64291572570795], [-61.852085113525334, 17.64291572570795]]]]}}]}